Preferred Term ,Scope Note
A FI CONȘTIENT,CUNOAȘTERE INTUITIVĂ SAU REFLEXIVĂ PE CARE O ARE FIECARE DESPRE PROPIRIA EXISTENTĂ ȘI DESPRE LUCURURILE DIN JURUL SĂU 2. FAPTUL DE A-ȘI DA SEAMA; ÎNȚELEGERE
A FI RESPONSABIL,TERMENUL ENGLEZESC SE REFERĂ LA CALITATEA CUIVA DE A PUTEA FI TRAS LA RĂSPUNDERE ÎN URMA REALIZĂRII ACTIVITĂȚII STABILITE. TERMENUL ROMÂNESC DENUMEȘTE CAPACITATEA CUIVA DE A AVEA RESPONSABILITĂȚI STABILITĂ ÎN URMA MERITELOR OBȚINUTE ANTERIOR.
ABILITĂȚI DE SCRIERE,ABILITĂȚI CARE PERMIT UNEI PERSOANE SĂ SCRIE ÎN MOD CONȘTIENT
ABILITĂȚI LINGVISTICE,COMPETENȚA DE A UTILIZA O LIMBĂ SAU DE A ÎNVĂȚA ALTE LIMBI. 
ABILITATE ACADEMICĂ,GRADUL COMPETENȚELOR DE A PARTICIPA LA DIVERSE ACTIVITĂȚI SCOLASTICE SAU EDUCAȚIONALE; POTENȚIAL DE A OBȚINE STANDARDE ACADEMICE ÎNALTE 
ABSENTEISM,ABSENȚA DE LA LOCUL DE MUNCĂ
ACCES LA INFRASTRUCTURĂ,GRADUL ÎN CARE INFRASTRUCTURILE SUNT ACCESIBILE POPULAȚIEI DINTR-O ANUMITĂ ZONĂ; DISPONIBILITATEA INFRASTRUCTURII ÎNTR-O ANUMITĂ ZONĂ
ACCES LA INTERNET,ACCES LA INTERNET PRIN INTERMEDIUL CALCULATORULUI
ACȚIUNE COMUNITARĂ,IMPLICAREA ÎN PROIECTE ORGANIZATE DE COMUNITATE SAU CARE SE CONCENTREAZĂ PE SCHIMBAREA ACTIVĂ A SITUAȚIILOR DIN ACEA COMUNITATE
ACOPERIRE MASS MEDIA,ACTUL DE A RAPORTA UN EVENIMENT
ACORDUL PĂRINȚILOR,RESTRICȚIONAREA ACCESULUI COPIILOR PRIVIND UTILIZAREA MASS MEDIEI 
ACTIVITĂȚI ARTISTICE,ACTIVITĂȚI PRIVIND PRODUCȚIA SAU APRECIEREA ARTELOR VIZUALE
ACTIVITĂȚI CULTURALE,ACTIVITĂȚI CARE SPORESC CUNOȘTINȚELE DESPRE SAU APRECIEREA PENTRU MOȘTENIREA CULTURALĂ
ACTIVITĂȚI DE TIMP LIBER,ACTIVITĂȚILE DESFĂȘURATE DE INDIVID ÎN AFARA TIMPULUI DE MUNCĂ
ACTIVITĂȚI EXTRACURRICULARE,ACTIVITĂȚI REALIZATE ÎN ȘCOALĂ CARE SE AFLĂ ÎN AFARA CURRICULEI OBIȘNUITE ȘI CARE AU LOC DE OBICEI ÎN AFARA ORELOR DE ȘCOALĂ
ACTIVITATEA ECONOMICĂ A FORȚEI DE MUNCĂ,"ACEST TERMEN ESTE FOLOSIT ATÂT ÎN CAZUL PERSOANELOR ACTIVE ECONOMIC CÂT ȘI ÎN CAZUL CELOR INACTIVE ECONOMIC PE PIAȚA FORȚEI DE MUNCĂ. A NU SE CONFUNDA CU ""STATUTUL PROFESIONAL"". "
ADĂPOST PENTRU PERSOANE VULNERABILE,ADĂPOSTRURI SAU CASE PENTRU PERSOANE CU NEVOI SPECIALE PRECUM BĂTRÂNI SAU PERSOANE CU DIZABILITĂȚI
ADMINISTRAȚIA LOCALĂ,ACEST TERMEN SE FOLOSEȘTE PENTRU CEA MAI MICĂ UNITATE ADMINISTRATIVĂ. VEZI 'GUVERNARE REGIONALĂ' ȘI 'GUVERN CENTRAL' PENTRU CONTRAST.
ADMINISTRAȚIE,PLANIFICAREA
ADMINISTRAȚIE EDUCAȚIONALĂ,PLANIFICAREA
ADMINISTRAȚIE PUBLICĂ,PLANIFICAREA
ADMINISTRARE ȘI PLANIFICARE CULTURALĂ,A NU SE FOLOSI PENTRU A DESCRIE
ADMINISTRARE ȘI PLANIFICARE EDUCAȚIONALĂ,NU FOLOSIȚI PENTRU DESCRIERE
ADMINISTRAREA FINANȚELOR PERSONALE,SE FOLOSEȘTE PENTRU A ACOPERI GESTIUNEA FINANȚELOR PERSONAL INCLUSIV RESPONSABILITATEA ȘI LUAREA DECIZIEI. SE FOLOSEȘTE PENTRU GESTIONAREA FINANȚELOR PERSONALE DE O ALTĂ PERSOANĂ
ADOLESCENȚĂ,PERIOADA DE TRANZIȚIE ÎNTRE COPILĂRIE ȘI MATURITATE DEPLINĂ. NU EXISTĂ O VÂRSTĂ FIXĂ
AȘEZĂRI UMANE,PLASAMENTUL PERSOANELOR ÎNTR-O POZIȚIE GEOGRAFICĂ FIXĂ ȘI PERMANENTĂ
AFECȚIUNI ALE PICIOARELOR,TULBURĂRI ANATOMICE ȘI FUNCȚIONALE ALE PICIORULUI (MESH).
AFECȚIUNI GENITALE,TERMENUL ACOPERĂ ATÂT BOLILE FEMININE CÂT ȘI CELE MASCULINE
AJUTOARE DE RĂZBOI,AJUTOARAREA UNEI PERSOANE SAU A UNUI GRUP DE PERSOANE ÎN SITUAȚIE DE SĂRĂCIE SAU NEVOI ÎN URMA UNUI RĂZBOI
AJUTOR DE DECES,AJUTOR FINANCIAR DIN PARTEA STATULUI PENTRU ARANJAMENTELE FUNERARE ALE DECEDATULUI
AJUTOR DE STAT LEGAL,SERVICII DE AVOCATURĂ FINANȚATE PUBLIC PENTRU CEI CARE NU ȘI LE POT PERMITE.
AJUTOR ECONOMIC,ACEST TERMEN SE FOLOSEȘTE PENTRU AJUTOR ECONOMIC LA NIVEL INTERNAȚIONAL
AJUTOR FINANCIAR ,ACEST TERMEN SE FOLOSEȘTE PENTRU AJUTORUL FINANCIAR LA NIVEL PERSONAL. PENTRU AJUTORUL FINANCIAR LA NIVEL NAȚIONAL
AJUTOR LA DOMICILIU,ÎNGRIJIRE LA DOMICILIU PENTRU VÂRSTNICI SAU BOLVNAVI
AJUTOR PENTRU DEZVOLTARE (INTERNAȚIONAL),AJUTOR PENTRU DEZVOLTAREA UNEI ȚĂRI DIN PARTEA ALTEI ȚĂRI
AJUTOR SOCIAL,AJUTOR ÎN BANI SAU ÎN NATURĂ PENTRU PERSOANELE CARE NU FAC PARTE DIN ASIGURĂRILE SOCIALE ȘI CARE NU DISPUN DE RESURSELE NECESARE PENTRU ACOPERIREA NEVOILOR DE BAZĂ
AJUTOR VOLUNTAR,SERVICII DE VOLUNTARIAT ÎN ȚĂRILE ÎN CURS DE DEZVOLTARE
ALFABETIZARE,CAPACITATEA DE A SCRIE ȘI DE A CITI
ALFABETIZARE ȘI EDUCAȚIE ARITMETICĂ,ALFABETIZARE ȘI ARITMETICĂ SIMPLĂ ȘI FUNCȚIONALĂ 
AMPLASAMENT,A SE FOLOSI UN TERMEN MAI SPECIFIC DACĂ ESTE CAZUL
AMPLASAMENT INDUSTRIAL,LOCAȚIA FIZICĂ A INDUSTRIILOR SAU COMPANIILOR
AMPLASAMENTE PENTRU NOMAZI,"ZONE OFICIALE DE STAȚIONARE CU FACILITĂȚI PENTRU ȚIGANI/ROMI NOMAZI SAU PERSOANE NOMADE OFERITE DE GUVERN. PENTRU ZONELE DE CAMPING REZIDENȚIALE FOLOSIȚI ""ZONE REZIDENȚIALE DE CAMPING"". PENTRU ZONE DE CAMPARE PENTRU AGREMENT FOLOSIȚI ""ZONE DE CAMPING"".  PENTRU ZONE NEOFICIALE DE STAȚIONARE ALE NOMAZILOR FOLOSIȚI ""AMPLASĂRI (LOCURI)"" PLUS ""NOMAZI""."
,
AMPLASĂRI (LOCURI),LOCUL SAU POZIȚIA PE CARE DIVERSE LUCRURI LE OCUPĂ. A SE FOLOSI UN TERMEN MAI SPECIFIC ATUNCI CÂND ESTE CAZUL. 
ANOXIE,TULBURARE PATOLOGICĂ PROVOCATĂ DE SCĂDEREA
ANTRENAMENT SPORTIV,PROCESUL DE A DEZVOLTA PUTEREA
APĂRARE ANTINUCLEARĂ,ARME NUCLEARE DEȚINUTE DE O ȚARĂ CA ȘI MODALITATE DE INTIMIDARE. 
APELURI TELEFONICE,"PENTRU APELURI OBSCENE SAU AGRESIVE FOLOSIȚI TERMENUL FOR OFFENSIVE OR OBSCENE TELEPHONE CALLS USE THE TERM ""HĂRȚUIRE"""
APTITUDINI CETĂȚENEȘTI,VALORI
ARMATE,TRUPELE GENERALE SAU FORȚELE TERESTRE ALE UNUI STAT (OED)
ASISTENȚĂ MEDICALĂ,ACOPERĂ TOATE ASPECTELE ÎNGRIJIRII MEDICALE PENTRU PACIENȚI
ASISTENȚĂ TEHNICĂ,TRANSMITEREA CUNONȘTINȚELOR ȘI ACORDAREA SFATURILOR ÎN DOMENIUL TEHNIC ȘI CEL ȘTIINȚIFIC ÎN ȚĂRILE ÎN CURS DE DEZVOLTARE
ASISTENȚI SOCIALI PENTRU TINERI,ASISTENȚII SOCIALI PENTRU TINERI PROMOVEAZĂ DEZVOLTAREA PERSONALĂ
ASOCIAȚII,UN GRUP DE PERSOANE REUNITE FIE PENTRU UN SCOP COMUN
ASOCIAȚII COMERCIALE,UN CORP DE ASOCIAȚII CARE ARE SCOPUL DE A PROMOVA ȘI PROTEJA INDUSTRIA PE CARE O REPREZINTĂ
ASOCIAȚII PROFESIONALE,UN CORP DE ASOCIAȚII CARE ADUNĂ MEMBRII CU ACELAȘI PROFESII ÎN SCOPUL UNEI SUSȚINERI MUTUALE
AUTORI,O PERSOANĂ RESPONSABILĂ PENTRU CREAREA UNUI CONȚINUT ARTISTIC SAU INTELECTUAL DINTR-UN DOCUMENT (WERSIG 52-03)
AUTOVEHICULE CU MOTOR,SE POATE REFERI ȘI LA PROPRIETARI AI VEHICULELOR CU MOTOR
AVORT (INDUS),INUDS
BENEFICII EXTRA-SALARIALE,REMUNERARE ]N BANI
BENEFICII PENTRU PĂRINȚI,BENEFICII ACORDATE MAMEI SAU TATĂLUI ATÂT ÎN TIMPUL SARCINII CÂT ȘI DUPĂ NAȘTEREA UNUI COPIL. ACESTEA INCLUD UN CONCEDIU DE MATERNITATE ȘI DE CREȘTERE A COPILULUI PLĂTIT SAU NEPLĂTIT SAU/ȘI ÎNDEMNIZAȚII DE MATERNITATE. SUMA ACESTOR BENEFICII VARIAZĂ DE LA ȚARĂ LA ȚARĂ ȘI ÎN FUNCȚIE DE CINE ARE DREPTUL DE BENEFICIAR; SUNT CAZURI ÎN CARE DOAR UNUL DIN PĂRINȚI ARE DREPT DE BENEFICIAR ȘI ALTE CAZURI ÎN CARE AMBII PĂRINȚI AU ACEST DREPT. SUNT ȘI ALTE CAZURI ÎN CARE ACESTE BENEFICII POT SAU NU POT FI RESTRÂNSE DOAR ÎN CAZUL SALARIAȚILOR. BENEFICIILE PENTRU PĂRINȚI SE POT APLICA ȘI ÎN CAZUL CELOR ADOPTIVI. 
BENEFICII PENTRU PENSIONARI,VALOAREA PENSIEI SAU SUMA PRIMITĂ PRIN DECIZIA DE PENSIONARE
BISEXUALITATE,ATRACȚIA SEXUALĂ ATÂT PENTRU FEMEI CÂT ȘI PENTRU BĂRBAȚI
BOLI,ACEST TERMEN ACOPERĂ DATE REFERITOARE LA BOLI SPECIFICE PREZENTARE ÎN LISTE LUNGI
BOLI PROFESIONALE,BOLI DATORATE FACTORILOR IMPLICAȚI DE OCUPAȚIA INDIVIDULUI. (DORLAND
BUGETE,FOLOSIȚI UN TERMEN MAI SPECIFIC DACĂ ESTE POSIBIL.
BUGETE ALE INSTITUȚIILOR DE ÎNVĂȚĂMÂNT,ACEST TERMEN SE FOLOSEȘTE PENTRU BUGETELE INSTITUȚIILOR EDUCAȚIONALE INDIVIDUALE.
BUGETE PENTRU EDUCAȚIE,ACEST TERMEN ESTE PENTRU BUGETELE EDUCAȚIONALE LA NIVEL NAȚIONAL ȘI REGIONAL.
BUNĂSTARE EDUCAȚIONALĂ,ACOPERĂ TOT CEEA CE ȚINE DE BUNĂSTAREA STUDENTULUI SAU ELEVULUI
CALAMITĂȚI, ACCIDENTE ȘI RISCURI
CALIFICĂRI,ABILITĂȚI
CALIFICĂRI PROFESIONALE,COMBINAȚIE DE APTITUDINI ȘI ABILITĂȚI CARE PERMIT UNUI INDIVID SĂ OCUPE UN LOC DE MUNCĂ. 
CALITATEA VIEȚII,UN SET DE OBIECTIVE STANDARD ȘI ATITUDINI PRIN CARE ASPECTE SOCIALE
CAMPANII POLITICE,"CAMPANII POLITICE CARE SE RIDICĂ ÎMPOTIVA GUVERNULUI. CAMPANII POLITICE CARE CAUTĂ SĂ LUPTE ÎMPOTRIVA UNOR INJUSTIȚII. A NU SE CONFUNDA CU ""CAMPANII ELECTORALE""."
CANALE RADIO,TERMENUL TREBUIE FOLOSIT ÎN LEGĂTURĂ CU POSTURILE DE RADIO. PENTRU COMPANIILE DE DIFUZIUNE UTILIZAȚI 'COMPANII DE DIFUZARE TELEVIZATĂ SAU RADIOFONICĂ'
CAPACITATEA DE A CITI,NIVEL DE DEZVOLTARE LA CARE UN INDIVID ESTE PREGĂTIT SĂ FOLOSEASCĂ INFORMAȚIA CITITĂ
CĂSĂTORII,"SE FOLOSEȘTE PENTRU STUDII PRIVIND PROCESUL CĂSĂTORIEI SAU PRIVIND CEREMONIILE MATRIMONIALE.  A NU SE CONFUNDA CU ""CĂSĂTORIE"""
CENTRE COMUNITARE,CENTRE LOCALE PENTRU DIVERSE ACTIVITĂȚI ACADEMICE SAU DE RECREERE
CENTRE DE FORMARE,ACEST TERMEN SE REFERĂ LA CENTRELE DE FORMARE CONDUSE DE ORGANIZAȚII PRIVATE
CERTIFICATE EDUCAȚIONALE,CERTIFICATE ȘI ALTE DOCUMENTE CARE SĂ CONFIRME COMPLETAREA UNUI CURS EDUCAȚIONAL
CHELTUIELI DE SĂNĂTATE,SUMA CHELTUITĂ DE ADMINISTRAȚIA GUVERNAMENTALĂ PENTRU SERVICII DE SĂNĂTATE
CHIUL,ABSENȚA DE LA ȘCOALĂ FĂRĂ PERMISIUNE SAU MOTIV
CITITORI,FOLOSIȚI UN TERMEN MAI SPECIFIC
CITITORI DE CĂRȚI,NUMĂRUL TOTAL AL CITITORILOR UNEI CĂRȚI; TOȚI SAU O PARTE DIN ACEȘTI CITITORI CONSIDERAȚI COLECTIV (OED).
CITITORI DE REVISTE,NUMĂRUL TOTAL DE CITITORI (FIDELI) AI PUBLICAȚIILOR PERIODICE; TOȚI SAU O PARTE DINTRE ACEȘTIA CONSIDERAȚI COLECTIV (OED).
CIUMĂ,TERMEN FOLOSIT ÎN SPECIAL PENTRU „PANDEMIA DE CIUMĂ”
CODRU,CODRUL ESTE O PĂDURE FOARTE VECHE ȘI DEASĂ. A NU SE CONFUNDA CU ”PĂDURI” CARE SE REFERĂ LA ZONE ÎMPĂDURITE MAI PUȚIN DESE
ȘCOLI DE STAT,ȘCOLI FINANȚATE COMPLET DE STAT SAU DIN FONDURI PUBLICE SAU ALE MUNICIPALITĂȚII
ȘCOLI INTERNAȚIONALE,ȘCOLI CARE AU ÎN GRIJĂ ÎN SPECIAL ELEVI CARE NU SUNT DE NAȚIONALITATEA ȚĂRII GAZDĂ. NU CER STUDENȚILOR SĂ ÎNVEȚE LIMBA NAȚIONALĂ SAU LOCALĂ A ȚĂRII DE OBICEI URMEAZĂ CURRICULA ȚĂRII DE ORIGINE.
ȘCOLI PRIVATE,ȘCOLI CARE NU SUNT ÎN SUBORDINEA ADMINISTRAȚIEI LOCALE
ȘCOLI SELECTIVE,ȘCOLI CARE RECRUTEAZĂ STUDENȚII PE BAZA ABILITĂȚILOR INTELECTUALE PESTE MEDIESCHOOLS WHICH SELECT STUDENTS ON TH SAU A ALTOR ABILITĂȚI PRINTR-UN EXAMEN DE ADMITERE
COMERȚ ELECTRONIC,ORICE ACTIVITATE COMERCIALĂ REALIZATĂ PRIN INTERNET. ACEASTA SE POATE REALIZA FIE PRIN EMAIL
COMERCIANȚI,CEI ANGAJAȚI ÎN COMERȚ SAU VÂNZARE DE PRODUSE
COMPETENȚE DE UTILIZARE A MASS MEDIA,PROCES DE A ANALIZA CRITIC ȘI DE A FORMULA MESAJE FOLOSIND INSTRUMENTELE MEDIA
COMPORTAMENT FAȚĂ DE CONSUMUL DE ALCOOL,OBICEIURI ȘI MODELE DE COMPORTAMENT LEGATE DE CONSUMUL BĂUTURILOR ALCOOLICE
,
COMUNICAȚII PRIN TELEFONIE MOBILĂ,ACEST TERMEN SE FOLOSEȘTE PENTRU COMUNICĂRI NON-VERBALE REALIZATE PRIN INTERMEDIUL TELEFONULUI MOBIL
CONCEDII ÎN STRĂINĂTATE,A SE FOLOSI TERMENUL ÎN CAZUL CONCEDIILOR ÎN STRĂINĂTATE
CONCEDIU DE ODIHNĂ,DREPT DE CONCEDIU DE MUNCĂ PLĂTIT SAU NEPLĂTIT
CONCILIERE,ACȚIUNEA DE A ADUCE PACEA; RECONCILIEREA OPONENȚILOR (OED).
CONCUBINAJ,TRAIUL ÎMPREUNĂ AL UNUI CUPLU
CONDIȚII DE LOCUIT,CONDIȚIILE FIZICE ALE LOCUIRII
CONFLICT,FOLOSIȚI UN TERMEN MAI SPECIFIC DACĂ SE POATE
CONFLICT RASIAL,PENTRU CONFLICTE DE RASĂ FOLOSIȚI ACEST TERMEN +  „REVOLTE DE STRADĂ”
CONSILIERE ÎN CARIERĂ,SPECTRU DE ACTIVITĂȚI ȘI PROGRAME REALIZATE PENTRU A AJUTA OAMENII SĂ PLANIFICE
CONSILIERI ȘCOLARI,ÎN ROMÂNIA CONSILIERUL ȘCOLAR SE OCUPĂ DOAR DE PROBLEMELE STUDENȚILOR ȘI ALE ELEVILOR. ÎN ȚĂRILE VORBITOARE DE LIMBĂ ENGLEZĂ CONSILIERUL ȘCOLAR ESTE UN ÎNDRUMĂTOR PENTRU STUDENȚI
CONSILII DE ADMINISTRAȚIE (EDUCAȚIE),TERMENUL ACOPERĂ TOATE TIPURILE DE CONSILII DE ADMINISTRAȚIE
CONSILII DE ADMINISTRAȚIE (ORGANIZAȚII),CONSILII DE ADMINISTRAȚIE PENTRU TOATE INSTITUȚIILE
CONSULTAȚII JURIDICE,"TERMENUL ÎN LIMBA ENGLEZĂ A FOST CREAT ÎN AUGUST 1999.  ÎNAINTEA ACESTEI DATE A FOST PROBABIL FOLOSIT TERMENUL ""CONSULTAȚII PROFESIONALE""."
CONSULTAȚII MEDICALE,CONSULTAȚII SAU VIZITE LA CADRELE MEDICALE PENTRU A PRIMI UN SFAT
CONȘTIENTIZARE SEXUALĂ,GRADUL DE CUNOȘTINȚE
CONTINUAREA EDUCAȚIEI,EDUCAȚIE POSTLICEALĂ CE CONDUCE DE OBICEI LA CALIFICĂRI FĂRĂ DIPLOMĂ RECUNOSCUTĂ
CONTRACTE COLECTIVE,CONTRACTE COLECTIVE ÎNTRE ANGAJATORI ȘI REPREZENTANȚII ANGAJAȚILOR LA NIVEL LOCAL
CONVIEȚUIRE,A TRĂI ȘI LOCUI CU UN/O PARTENER/Ă FĂRĂ A FI ÎNREGISTRAȚI LA STAREA CIVILĂ SAU CĂSĂTORIȚI LEGAL. 
COOPERARE EDUCAȚIONALĂ,COOPERAREA EDUCATORILOR SAU ORGANIZAȚIILOR EDUCAȚIONALE
COOPERARE INTERNAȚIONALĂ,COOPERARE ÎNTRE ȚĂRI
CORIGENȚĂ,ABANDON ȘCOLAR PREMATUR REALIZAT ÎNAINTE DE COMPLETAREA UNUI CICLU SAU AL UNUI CURS; PIERDEREA ELEVILOR DIN INSTITUȚIILE EDUCAȚIONALE DIN CAUZA EȘECULUI DE A ABSOLVI UN CURS SAU O FORMARE EDUCAȚIONALĂ.
COSTURI PENTRU SĂNĂTATE,SUMA DE BANI SAU DE RESURSELE NECESARE PENTRU A ASIGURA POPULAȚIEI UN ANUMIT NIVEL DE SERVICII ȘI ÎNGRIJIRI MEDICALE
CREATIVITATE,GÂNDIRE CREATIVĂ
ORIGINALITATE,
CREDINȚE RELIGIOASE,"PENTRU AFILIEREA LA ANUMITE RELIGII FOLOSIȚI TERMENUL ""AFILIERE RELIGIOASĂ""."
CREȘE ȘI GRĂDINIȚE CU PROGRAM DE ZI,"ÎNGRIJIREA NEREZIDENȚIALĂ A COPIILOR DE CĂTRE PERSOANE CARE NU SUNT PĂRINȚII SAU TUTORII ACESTORA. A NU SE CONFUNDA CU   DO NOT CONFUSE WITH ""ÎNGRIJIREA COPIILOR""."
CULTURĂ,MULȚIMEA SISTEMELOR SIMBOLICE CARE REGLEMENTEAZĂ COMPORTAMENTUL ȘI COMUNICAREA MUTUALĂ A UNUI GRUP DE OAMENI ȘI CARE ÎI FACE PE ACEȘTIA SĂ FORMEZE O COMUNITATE DISTINCTĂ DE CELELALTE
CUMUL DE FUNCȚII,ATUNCI CÂND UN LUCRĂTOR DEȚINE LEGAL MAI MULTE LOCURI DE MUNCĂ ÎN ACELAȘI TIMP
,
CUNOȘTINȚE DE VOCABULAR,MĂSURA ÎN CARE O PERSOANĂ CUNOAȘTE ȘI FOLOSEȘTE CUVINTE.
CURȚI SUPREME DE JUSTIȚIE,CEA MAI ÎNALTĂ CURTE DE JUDECATĂ A UNEI ȚĂRI SAU A UNUI STAT
CURSURI EDUCAȚIONALE,"ASPECTELE ADMINISTRATIVE ȘI STRUCTURALE ALE UNUI CURS ÎN AFARA SUBIECTULUI SAU CONȚINUTULUI SAU  A METODOLOGIEI DE PREDARE. PENTRU SUBIECTELE CURSURILOR FOLOSIȚI ""DOMENII DE STUDIU"" SAU UNUL DINTRE TERMENII SĂI SPECIFICI (NARROW TERMS). PENTRU ASPECTELE METODOLOGICE ALE PREDĂRII VEDEȚI ""METODE DIDACTICE""."
CURSURI PENTRU DEZVOLTARE PERSONALĂ,DEZVOLTAREA APTITUDINILOR PERSONALE: APTITUDINI COMPORTAMENTALE
DATE ANTROPOMETRICE,UTILIZAREA MĂSURĂTORILOR FIZICE ALE CORPULUI
DATE BIBLIOGRAFICE,DATE NECESARE PENTRU IDENTIFICAREA UNUI AUTOR
DĂUNĂTORI CASNICI,ȘOARECI
DAUNE,DAUNE SAU CAUZELE DAUNELOR ȘI DISTRUGERILOR ADUSE PROPRIETĂȚII. PENTRU DISTRUGERI ALE MEDIULUI FOLOSIȚI 'DEGRADAREA MEDIULUI'.
DAUNE JURIDICE,DAUNELE JURIDICE CONSTAU ÎN O SUMĂ DE BANI OFERITĂ DE O INSTANȚĂ JUDECĂTOREASCĂ ÎN URMA UNUI PREJUDICIU SAU A ÎNCĂLCĂRII UNUI CONTRACT
DEDUCERE DIN SALARII,O METODĂ DE A PLĂTI DATORIILE PRIN DEDUCEREA UNEI SUME DE BANI DIN SALARIU
DEFICIENȚE DE VORBIRE,CONDIȚII CARACTERIZATE PRIN TULBURĂRI ALE CAPACITĂȚII DE GENERARE SAU DE ÎNȚELEGERE A LIMBAJULUI VERBAL.
DESCENDENȚI,A SE UTILIZA STRICT PENTRU COPII
DESCENTRALIZARE,DISTRIBUȚIA FUNCȚIILOR ȘI A PUTERII PORNIND DE LA O AUTORITATE CENTRALĂ LA O AUTORITATE LOCALĂ SAU LA COMUNITATE
DESFACEREA CĂSĂTORIEI,DIZOLVAREA CĂSĂTORIEI
DESPĂRȚIȚI (DAR CĂSĂTORIȚI),INDIVIZI ÎNCĂ CĂSĂTORIȚI LEGAL
DETENȚIE,ACȚIUNEA DE A ȚINE PE CINEVA ÎNCHIS SAU CONDIȚIA DE A FI ÎNCHIS. POATE FI FOLOSIT PENTRU A EXPRIMA PRIVAREA DE LIBERTATE A SUSPECȚILOR DE INFRACȚIUNI POLITICE
DEZVOLTARE COMUNITARĂ,PROCES EDUCAȚIONAL ȘI ACTIVITĂȚI DINTR-O COMUNITATE CARE PROMOVEAZĂ PRINCIPIUL DE „SELF-HELP” (IBE)
DEZVOLTARE CULTURALĂ,PROCESUL DEZVOLTĂRII VIEȚII CULTURALE A COMUNITĂȚII
DEZVOLTARE DURABILĂ,DEZVOLTARE CE CAUTĂ SĂ VINĂ ÎN ÎNTÂMPINAREA NEVOILOR GENERAȚIEI ACTUALE FĂRĂ SĂ COMPROMITĂ POSIBILITĂȚILE GENERAȚIILOR VIITOARE DE RĂSPUNDE PROPRIILOR NEVOI. ARE CA SCOP ASIGURAREA PRODUCTIVITĂȚII CONTINUE A RESURSELOR NATURALE EXPLOATABILE ÎN ACELAȘI TIMP CU PROTEJAREA FAUNEI ȘI FLOREI (RAPORTUL BRUNDTLAND).
DEZVOLTARE EDUCAȚIONALĂ,DEZVOLTARE SAU SCHIMBARE A UNEIA SAU A MAI MULTOR CARACTERISTICIALE SISTEMULUI EDUCAȚIONAL ÎNTR-O DIRECȚIE POZITIVĂ DIN PUNCT DE VEDERE AL UNUI CRITERIU PRESTABILIT (IBE)
DEZVOLTARE LINGVISTICĂ,DEZVOLTAREA LIMBII MATERNE LA NIVEL DE INDIVID
DIAGNOSTIC MEDICAL,DETERMINAREA NATURII UNEI BOLI PE BAZA ANALIZEI SIMPTOMELOR
DIETE SPECIALE,FOLOSIȚI UN TERMEN SPECIFIC DACĂ ESTE POSIBIL
DIFICULTĂȚI DE ÎNVĂȚARE,CONDIȚIE CARACTERIZATĂ PRINTR-O DISCREPANȚĂ SEMNIFICATIVĂ NIVELUL INTELECTUAL PERCEPUT AL INDIVIDULUI ȘI CAPACITATEA SA DE A ÎNVĂȚA LIMBAJE NOI SAU DE A-ȘI DEZVOLTA ALTE ABILITĂȚI COGNITIVE. ACESTE PROBLEME POT APĂREA DIN CAUZA UNOR CONDIȚII ORGANICE SAU PSIHOLOGICE ALE INDIVIDULUI. SUBTIPURI RELAV COMUNE SUNT DISLEXIA
DISCIPLINĂ ȘCOLARĂ,TERMENUL NU SE REFERĂ LA DIVERSE DISCIPLINE STUDIATE LA ȘCOALĂ
DISEMINAREA INFORMAȚIEI,DISTRIBUȚIA INFORMAȚIEI DE LA O SURSĂ LA MAI MULȚI DESTINATARI
DISPONIBILIZARE PERMANENTĂ,REDUCERI PERMANENTE DE PERSONAL DIN MOTIVE ECONOMICE (SPRE EXEMPLU
DISPONIBILIZARE TEMPORARĂ,INCAPACITATEA
DISTRIBUȚIA VENITURILOR,ÎMPĂRȚIREA PIB-ULUI LA NUMĂRUL POPULAȚIEI UNEI TĂRI
DISTRUGERI,INFRACȚIUNEA DE A DISTRUGE SAU DETERIORA FIE ÎN MOD INTENȚIONAT
DIVORȚ,"A NU SE CONFUNDA CU ""RATA DIVORȚURILOR"" SAU ""NUMĂRUL DIVORȚURILOR""."
DIZABILITĂȚI,DISFUNCȚIONALITĂȚI PSIHOLOGICE
DOMENII DE STUDIU,SUBIECTE DE STUDIU OFERITE DE SAU ALESE LA O INSTITUȚIE DE ÎNVĂȚĂMÂNT SAU LA CENTRE DE FORMARE. 
"ÎN CAZUL ASPECTELOR ADMINISTRATIVE ȘI STRUCTURALE A SE FOLOSI TERMENUL ""CURSURI EDUCAȚIONALE"". ÎN CAZUL ASPECTELOR METODOLOGICE SAU EDUCAȚIONALE A SE FOLOSI TERMENUL ""METODE DIDACTICE"". ",
DREPTUL DE TRECERE,DREPTUL DE A TRECE PE PROPRIETATEA DE PĂMÂNT A ALTUIA
DREPTURI COMUNE,DREPTURILE ACORDATE ANUMITOR PERSOANE DESEMNATE ASUPRA LOCURILOR COMUNE
ECHIPAMENT,FOLOSIȚI UN TERMEN SPECIFIC DACĂ SE POATE
ECHIPAMENT AUDIO,ECHIPAMENTUL AUDIO INCLUDE APARATURA PENTRU REDAREA ȘI ÎNREGISTRAREA SUNETELOR
ECONOMIA EDUCAȚIEI,TEHNICI ECONOMICE APLICATE ÎN EDUCAȚIE
ECONOMIE INFORMALĂ,SECTOR AL ECONOMIEI NEOFICIAL
ECONOMIE SOCIALĂ,PARTEA ECONOMIEI CARE NU ESTE NICI PUBLICĂ NICI PRIVATĂ DAR CONSTĂ ÎN ORGANIZAȚII NON-PROFIT (DE EXEMPLU AFACERI COMUNITARE
EDUCAȚIE,FOLOSIȚI UN  TERMEN MAI SPECIFIC DACĂ SE POATE
EDUCAȚIE CIVICĂ,ACTIVITĂȚI EDUCAȚIONALE
EDUCAȚIE FIZICĂ,PROGRAMUL GENERAL DE EXERCIȚII FIZICE ȘI SPORT DIN INSTITUȚIILE DE ÎNVĂȚĂMÂNT
EDUCAȚIE GIMNAZIALĂ,NIVELUL 2 DIN ISCED. ADMITEREA SE FACE DUPĂ 6 ANI PETRECUȚI LA NIVELUL 1 DIN ISCED. SE FINALIZEAZĂ DUPĂ 9 ANI DE LA ÎNCEPUTUL ȘCOLII PRIMARE. FINALUL ACESTUI CICLU EDUCAȚIONAL COINCIDE DE OBICEI CU FINALUL EDUCAȚIEI OBLIGATORII.
,
,
EDUCAȚIE ȘI PROMOVARE A SĂNĂTĂȚII,EDUCAȚIA ȘI PROMOVAREA SĂNĂTĂȚII PENTRU PUBLICUL LARG
EDUCAȚIE ÎMPOTRIVA CONSUMULUI ȘI UTILIZĂRII DROGURILOR,EDUCAȚIE MENITĂ SĂ INFORMEZE TINERII ÎN PRIVINȚA CONSECINȚELOR FOLOSIRII ȘI ABUZULUI DE DROGURI
EDUCAȚIE ÎN ANTROPOLOGIE,FĂRĂ ANTROPOLIGIA FIZICĂ
EDUCAȚIE ÎN ȘCOLILE PROFESIONALE, VOCAȚIONALE ȘI DE UCENICI
EDUCAȚIE ÎN DOMENIUL ACTIVITĂȚILOR DE RECREERE,EDUCAȚIE PRACTICATĂ ÎN SCOPURI RECREATIVE
EDUCAȚIE ÎN DOMENIUL FABRICĂRII ȘI PRELUCRĂRII MANUALE,SE REFERĂ LA PROCESAREA ALIMENTELOR ȘI BĂUTURILOR
EDUCAȚIE ÎN DOMENIUL INFORMATICII ȘI CALCULATOARELOR,CALCULATOARE ȘI PROGRAMARE INFORMATICĂ
EDUCAȚIE ÎN DOMENIUL SĂNĂTĂȚII,"EDUCAȚIE CE CONDUCE LA OBȚINEREA UNEI CALIFICĂRI POST-LICEALE SAU A UNEI PREGĂTIRI PENTRU O CARIERĂ ÎN DOMENIUL SĂNĂTĂȚII. A NU SE CONFUNDA CU  TERMENUL ""EDUCAȚIE ȘI PROMOVARE A SĂNĂTĂȚII"" CARE ACOPERĂ PROGRAMELE PENTRU PUBLICUL LARG ȘI GRUPURI SPECIALE SAU ÎN ȘCOLI. "
EDUCAȚIE ÎN DOMENIUL SERVICIILOR,FOLOSITȚI UN TERMEN SPECIFIC
EDUCAȚIE ÎN DOMENIUL SERVICIILOR DE SECURITATE,INCLUDE PROTECȚIA PROPRIETĂȚII ȘI PERSOANELOR
EDUCAȚIE ÎN DOMENIUL SERVICIILOR MEDICALE,ACOPERĂ SERVICII DE SĂNĂTATE PUBLICĂ
EDUCAȚIE ÎN GEOGRAFIE,"NU INCLUDE GEOGRAFIA FIZICĂ ȘI GEOGRAFIA CULTURALĂ. PENTRU GEOGRAFIA FIZICĂ FOLOSIȚI ""EDUCAȚIE ÎN ȘTIINȚELE FIZICII"". PENTRU GEOGRAFIA CULTURALĂ FOLOSIȚI ""STUDII CULTURALE"". "
EDUCAȚIE ÎN INGINERIE ȘI MESERII INGINEREȘTI,SE REFERĂ LA DESEN TEHNIC
EDUCAȚIE ÎN PROTECȚIA MEDIULUI,INCLUDE PROTEJAREA ȘI CONTROLUL MEDIULUI
EDUCAȚIE ÎN SERVICII DE TRANSPORT,INCLUDE NAVIAȚIE
EDUCAȚIE ÎN ȘTIINȚELE FIZICE,ACOPERĂ ASTRONOMIE ȘI ȘTIINȚELE SPAȚIULUI COSMIC
EDUCAȚIE ÎN ȘTIINȚELE VIEȚII,INCLUDE BIOLOGIE
EDUCAȚIE LICEALĂ,TERMEN GENERAL CE ACOPERĂ NIVELURILE 2 ȘI 3 DIN ISCED. FOLOSIȚI UN TERMEN MAI SPECIFIC (NARROWER TERM) DACĂ SE POATE.
EDUCAȚIE MEDICALĂ,SE REFERĂ LA ANATOMIE
EDUCAȚIE PENTRU PERSOANELE CU NEVOI SPECIALE,EDUCAȚIE PENTRU STUDENȚII ȘI ELEVII CU NEVOI SPECIALE
EDUCAȚIE PRIMARĂ,NIVELUL 1 DIN ISCED. EDUCAȚIE PENTRU COPII ÎNTRE 5 ȘI 7 ANI. ACOPERĂ PRIMII 6 ANI DE ȘCOALĂ LA ZI.
EDUCAȚIE RELIGIOASĂ ȘI TEOLOGICĂ,"EDUCAȚIE ÎN DOMENIUL RELIGIEI ȘI AL TEOLOGIEI CE SE FINALIZEAZĂ CU OBȚINEREA UNEI DIPLOME POST-LICEALE SAU CU PREGĂTIREA PENTRU O CARIERĂ ÎN DOMENIUL RELIGIEI. PENTRU INSTRUIREA ÎN DOMENIUL CREDINȚELOR RELIGIOASE LA ORICE NIVEL CARE NU DUC LA O CALIFICARE POST-LICEALĂ FOLOSIȚI TERMENUL ""FORMARE RELIGIOASĂ"". "
EDUCAȚIE SPECIALĂ,SERVICII ȘI PROGRAME EDUCAȚIONALE PENTRU PERSOANELE CU DIZABILITĂȚI SAU PENTRU PERSOANELE CU ABILITĂȚI SPECIALE ȘI ÎN GENERAL PENTRU PERSOANELE CU CARACTERISTICI INTELECTUALE
EDUCAȚIE STOMATOLOGICĂ,EDUCAȚIE PENTRU ASISTENȚI STOMATOLOGICI
EDUCAȚIE TEHNICĂ,EDUCAȚIE FORMALĂ
EDUCAȚIE VETERINARĂ,ACOPERĂ SERVICIILE DE MEDICINĂ VETERINARĂ PRECUM ȘI SEVICIILE DE ASISTARE SANITAR-VETERINARE.
EDUCAȚIE VOCAȚIONALĂ,EDUCAȚIE FORMALĂ CE ARE LOC ÎN ȘCOLI SAU ÎN ALTE INSTITUȚII DE ÎNVĂȚĂMÂNT
EFECT DE SERĂ,SE REFERĂ LA BLOCAREA VALURILOR DE CĂLDURĂ ÎN ZONELE JOASE ALE ATMOSFEREI
EFECTE ALE MEDICAMENTELOR,EFECTELE FIZIOLOGICE SAU PSIHOLOGICE CERCETATE (INTENȚIONATE) ALE MEDICAMENTELOR. A NU SE CONFUNDA CU EFECTELE SECUNDARE ALE ACESTORA.
EFECTE PSIHOLOGICE,EFECTE PSIHOLOGICE CAUZATE DE SAU ASOCIATE CU EVENIMENTELE DE VIAȚĂ A UNEI PERSOANE
ELECTROCASNICE,PENTRU INSTALAȚII ELECTRICE DIN LOCUINȚE ȘI ECHIPAMENTE CASNICE
ELEMENTELE ȘTIRILOR,ELEMENTE INDIVIDUALE ALE ȘTIRILOR
ELEVI ȘI STUDENȚI CU NEVOI SPECIALE,ELEVI ȘI STUDENȚI CARE AU DIZABILITĂȚI FIZICE
ELIBERARE CONDIȚIONATĂ,ELIBERARE CONDIȚIONATĂ A UNUI PRIZONIER FIE TEMPORAR PENTRU UN SCOP ANUME
ENUREZIS,ELIMINARE SPONTANĂ ȘI INCONSIȘTIENTĂ A URINEI
ETICĂ,ȘTIINȚA MORALEI
ETICĂ PROFESIONALĂ,O SERIE DE OBLIGAȚII
ETNOCENTRISM,A CONSIDERA CĂ RASA PROPRIE SAU GRUPUL ETNIC PROPRIU SUNT DE IMPORTANȚĂ SUPREMĂ (OED).
EVALUARE EDUCAȚIONALĂ,EVALUAREA ABILITĂȚII
EVALUAREA COMPETENȚEI,"EVALUAREA ABILITĂȚII/COMPETENȚEI/CAPACITĂȚII UNEI PERSONE DE A REALIZA ANUMITE SARCINI FIZICE SAU INTELECTUALE. POATE FI FOLOSIT ÎN LEGĂTURĂ CU DIZABILITĂȚILE/NEVOILE SPECIALE SAU ALTE UZANȚE NON-ACADEMICE (SPRE EXEMPLU ÎN SFERA OCUPAȚIONALĂ). PENTRU EVALUARE ACADEMICĂ FOLOSIȚI ""EVALUARE EDUCAȚIONALĂ"""
EXAMINĂRI MEDICALE,METODE
EXPEDIERE (A MĂRFURILOR),EXPEDIEREA MARFURILOR DE LA O FABRICĂ
EXPLOATAREA COPIILOR PRIN MUNCĂ,COPII CARE MUNCESC ÎN CONTRAVENȚIE CU STANDARDELE INTERNAȚIONALE SAU CARE SUNT EXPLOATAȚI CA SCALVI
EXPUNERE MASS MEDIA,EXPUNEREA PUBLICULUI LA MASS MEDIA
EXTRĂDARE,PROCES PRIN CARE ÎNȚELEGEREA MUTUALĂ DINTRE DOUĂ STATE-NAȚIUNI ESTE DE A PREDA ORICE INFRACTOR FUGITIV CARE A COMINS VARII INFRACȚIUNI ÎNTR-UNUL DINTRE TERITORII.
FACILITĂȚI SPORTIVE,LOCURI UNDE AU LOC ACTIVITĂȚI SPORTIVE RECREATIVE
FECUNDITATE,"CAPACITATEA BIOLOGICĂ DE REPRODUCERE A INDIVIZILOR ȘI POPULAȚIILOR (CODS). A NU SE CONFUNDA CU ""FERTILITATEA"" ȘI ""RATA NATALITĂȚII"" CARE SE REFERĂ LA NAȘTEREA COPIILOR."
FERTILITATE,"DISCRIPTOR PENTRU DATE LEGATE DE NUMĂRUL DE NAȘTERI VII PE FEMEIE. A NU SE CONFUNDA CU ""RATA NATALITĂȚII""."
FIZIONOMIA,ARTA DE A GHICI CARACTERUL DIN INTERPRETAREA TRASATURILOR FEȚEI
FLUX DE ȘTIRI,CIRCULAȚIA ȘTIRILOR PE CĂI FORMAL ȘI INFORMALE
FORMARE PROFESIONALĂ,ACTIVITĂȚI MENITĂ SĂ CREEZE ABILITĂȚILE ȘI CUNOȘTIINȚELE NECESARE PENTRU ANGAJAREA ÎNTR-O ANUMITĂ FUNCȚIE SAU ÎNTR-UN DOMENIU DE ACTIVITATE
FOȘTI PARTENERI CIVILI,INDIVIZI ALE CĂROR PARTENERIATE CIVILE S-AU DIZOLVAT ÎN MOD EGAL
FRANCIZE (BUSINESS),DREPTUL ACORDAT DE O ÎNTREPRINDERE CU RENUME ALTEI ÎNTREPRINDERI PRIN CARE ACEASTA DIN URMĂ POATE SĂ EXPLOATEZE DREPTURILE DE PROPRIETATE INTELECTUALĂ SAU INDUSTRIALĂ ALE FRANCIZORULUI
FURT,TENTATIVA SAU FURTUL REALIZAT PRIN ÎNCĂLCAREA PROPRIETĂȚII SAU VIOLAREA DOMICILIULUI. ÎN LEGISLAȚIA ROMÂNEASCĂ ACEASTĂ DISTINCȚIE NU EXISTĂ.
FURT FĂRĂ ÎNCĂLCAREA PROPRIETĂȚII,ÎN LEGEA ROMÂNEASCĂ SE FACE DISTINCȚIA DOAR ÎNTRE FURT ȘI FURT CALIFICAT. ÎN CUTUMA BRITANICĂ DISTINCȚIA S-A REALIZAT PE BAZA CRITERIULUI ÎNCĂLCĂRII SAU NU A PROPRIETĂȚII. CU TOATE ACESTEA ÎN ROMÂNIA
GESTIUNE FINANCIARĂ,MANAGEMENTUL FINANȚELOR UNEI COMPANII
GRUPARE EDUCAȚIONALĂ,TERMEN GENERAL CE DENUMEȘTE MODURILE DIFERITE ÎN CARE STUDENȚII SAU ELEVII POT FI GRUPAȚI
GRUPURI DE PRESIUNE,ORGANIZAȚII CARE CAUTĂ SĂ IMPUNĂ UN INTERES SAU O CAUZĂ PROPRIE FĂRĂ A CĂUTA SĂ FORMEZE UN GUVERN SAU O PARTE DE GUVERN (TRADUCERE DUPĂ DICȚIONARUL DE ȘTIINȚE POLITICE OXFORD)
HABITATE,LOCUL ÎN CARE TRĂIEȘTE UN ANIMAL SAU O PLANTĂ ÎN MOD NORMAL
HANDICAP INTELECTUAL,TULBURARE INTELECTUALĂ (IQ SUB 70) SAU A FUNCȚIEI DE ADAPTARE MANIFESTATĂ ÎN TIMPUL PERIOADEI DE DEZVOLTARE
HĂRȚUIRE, A URMĂRI SAU A HĂRȚUI O PERSOANĂ ÎNTR-UN MOD ÎN CARE SE CAUZEAZĂ STRES EMOȚIONAL ASUPRA PERSOANEI URMĂRITE
HETEROSEXUALITATE,ATRACȚIE SEXUALĂ ÎNTRE MEMBRII DE SEX DIFERIT
HOMOSEXUALITATE,ATRACȚIE SEXUALĂ ÎNTRE MEMBRII ACELUIAȘI SEX.
HOMOSEXUALITATE FEMININĂ,ATRACȚIE SEXUALĂ ÎNTRE FEMEI; FEMEI CARE SUNT ATRASE SEXUAL DE ALTE FEMEI
HOMOSEXUALITATE MASCULINĂ,ATRACȚIE SEXUALĂ ÎNTRE BĂRBAȚI; BĂRBAȚI CARE SUNT ATRAȘI SEXUALI DE ALȚI BĂRBAȚI
IDENTITATE NAȚIONALĂ,SE REFERĂ ATÂT LA CARACTERISTICILE DISTINCTIVE ALE NAȚIUNII (TRADIȚII
IDENTITATE SEXUALĂ,PERCEPȚIA ASUPRA PROPRIEI PERSOANE CA FEMEIE SAU BĂRBAT. A NU SE CONFUNDA CU „ORIENTARE SEXUALĂ”
IMPLICARE PARENTALĂ,IMPLCAREA PĂRINȚILOR ÎN ACTIVITĂȚILE PROPRIILOR COPII; ȘCOALĂ
INCENDIERE INTENȚIONATĂ,INCEDIERE ÎN MOD MALIȚIOS A UNEI CASE
INDICATORI AI PERFORMANȚEI,PLAN DE VÂNZĂRI
ÎNDRUMARE EDUCAȚIONALĂ,ASISTAREA ELEVILOR SAU STUDENȚILOR ÎN ALEGEREA PROGRAMELOR DE STUDIU POTRIVITE PENTRU ABILITĂȚILE
INFIDELITATE,RELAȚII SEXUALE ÎN AFARA CĂSĂTORIEI SAU A UNEI RELAȚII PRESTABILITE
INFLUENȚĂ POLITICĂ PUBLICĂ,GRADUL ÎN CARE PUBLICUL AFECTEAZĂ LUAREA DECIZIILOR POLITICE
INFRACȚIUNI COMISE SUB INFLUENȚA DROGURILOR,ÎN LEGEA ROMÂNEASCĂ NU EXISTĂ INFRACȚIUNI DE ACEST TIP
INFRASTRUCTURĂ,ORICE STRUCUTURI FIZICE SAU SPAȚII CONSTRUITE
INFRASTRUCTURĂ PENTRU BIBLIOTECI,STRUCTURILE FIZICE ȘI ECHIPAMENTELE DISPONIBILE ÎNTR-O BIBLIOTECĂ
INFRASTRUCTURĂ PENTRU CERCETARE,STRUCUTURI FIZICE SAU SPAȚII CONSTRUITE
,
INFRASTRUCTURĂ PENTRU CICLIȘTI,INFRASTRUCTURA FIZICĂ NECESARĂ FOLOSIRII BICICLETELOR
INFRASTRUCTURĂ PENTRU COMUNITĂȚI LOCALE,ACOPERĂ TOATE FACILITĂȚILE LOCALE
INFRASTRUCTURĂ PENTRU CULTURĂ,STRUCTURI FIZICE SAU SPAȚII CONSTRUITE
INFRASTRUCTURĂ PENTRU LOCUIT,SERVICII ȘI FACILITĂȚI DISPONIBILE PENTRU LOCUINȚE
INFRASTRUCTURĂ PENTRU PERSOANE CU DIZABILITĂȚI,FACILITĂȚI PUBLICE PENTRU PERSOANELE CU DIZABILITĂȚI
INFRASTRUCTURĂ PENTRU RECREERE,STRUCTURI FIZICE SAU SPAȚII CONSTRUITE
INFRASTRUCTURĂ PIETONALĂ,STRUCTURI FIZICE DESTINATE CELOR CARE MERG PE JOS PRECUM CĂRĂRI
INFRASTRUCTURĂ TURISTICĂ,STRUCTURI FIZICE REALIZATE ÎN BENEFICIUL TURIȘTILOR
INGINERIE SANITARĂ,RAMURA INGINERIEI CARE SE OCUPĂ CU PROIECTAREA
ÎNGRIJIRE,TERMEN FOARTE GENERAL CARE SE REFERĂ LA ORICE ASPTECT AL ÎNGRIJIRII DE CĂTRE ORICE PRESTATOR.  FOLOSIȚI UN TERMEN MAI SPECIFIC DACĂ SE POATE. 
ÎNGRIJIRE DENTARĂ,ACOPERĂ EXAMINĂRI
ÎNGRIJIRE DIN PARTEA COMUNITĂȚII,MODALITATE DE A OFERII SERVICII DE ÎNGRIJIRE OAMENILOR PENTRU A-I AJUTA SĂ LOCUIASCĂ ÎN PROPRIA CASĂ SAU ÎN ALTĂ AMPLASARE
ÎNGRIJIREA BOLNAVILOR ÎN CENTRE REZIDENȚIALE,"FĂRĂ ÎNGRIJIREA SPITALICEASCĂ. PENTRU ÎNGRIJIREA ÎN SPITALE FOLOSIȚI ""SERVICII SPITALICEȘTI""."
ÎNGRIJIREA COPIILOR,ÎNGRIJIREA COPIILOR DE CĂTRE PĂRINȚI
INSTALAȚII PENTRU APĂ CURENTĂ,TERMEN GENERAL CE DESCRIE DOTAREA CU BĂI
INSTANȚE SPECIALE DE JUDECATĂ,TERMENUL ÎN LIMBA ENGLEZĂ A FOST FREAT ÎN IANUARIE 2004. ÎNAINTE DE ACEASTĂ DATĂ S-A FOLOSIT TERMENUL 'INSTANȚE JUDECĂTOREȘTI'.
INSTITUȚII DE EDUCAȚIE VOCAȚIONALE,"ACEST TERMEN SE FOLOSEȘTE PENTRU NIVELURILE 3 ȘI 4 DIN ISCED. PENTRU  NIVELUL 5 DIN ISCEL FOLOSIȚI ""INSTITUȚII DE ÎNVĂȚĂMÂNT SUPERIOR"". "
INSTITUTE DE CERCETARE ȘI FACULTĂȚI,DEPARTAMENTE ACADEMICE ÎN CADRUL ȘCOLILOR
INSTRUIRE PENTRU ASISTENTE MEDICALE,ASISTENȚI MEDICALI ȘI MOAȘE
INSTRUIRE RELIGIOASĂ,INSTRUIRE ÎN CREDINȚELE ȘI PRACTICILE RELIGIILOR LA ORICE NIVEL CE NU DUCE LA O CALIFICARE SUPERIOARĂ. PENTRU EDUCAȚIE RELIGIOASĂ LA NIVEL SUPERIOR (ȘCOLII DE UCENICI
INTEGRARE EDUCAȚIONALĂ,INTEGRAREA STUDENȚILOR ȘI ELEVILOR ÎN INSTITUȚIILE DE ÎNVĂȚĂMÂNT INDIFERENT DE CAPACITATEA LOR MENTALĂ
INTERES (PROCES COGNITIV),SENTIMENTUL DE PREOCUPARE SAU CURIOZITATE PENTRU O PERSOANĂ SAU UN OBIECT (OED).
INTERES POLITIC,GRADUL ÎN CARE INDIVIZII DIN POPULAȚIE SUNT INTERESAȚI DE ASPECTELE POLITICE FIE PRIN VIZIONAREA TELEVIZIUNII
INTERNĂRI,PROCESUL DE ACCEPTARE A PACIENȚILOR ÎN SPITAL; NUMĂRUL DE PACIENȚI INTERNAȚI ÎN SPITAL
ÎNTREPRINDERI STRĂINE,ÎNTREPRINDERI CARE SUNT ÎN PRINCIPAL DEȚINUTE DE STRĂINI ȘI CARE AU SEDIUL CENTRAL ÎN ALTĂ ȚARĂ. 
ÎNVĂȚĂMÂNT,VEZI ȘI „PROFESIA PEDAGOGICĂ”
ÎNVĂȚĂMÂNT LICEAL,NIVELUL 3 DIN ISCED. VÂRSTA OBIȘNUITĂ LA ADMITEREA ÎN ÎNVÂȚĂMÂNTUL LICEAL ESTE DE 15 SAU 16 ANI
ÎNVĂȚĂMÂNT PREȘCOLAR,NIVELUL 0 DIN ISCED. STADIUL INIȚIAL AL FORMĂRII ORGANIZATE REALIZAT ÎN ȘCOALĂ SAU ÎNTR-UN CENTRU SPECIAL. ESTE REALIZAT SPECIAL PENTRU A INTRODUCE COPIII FOARTE MICI. VÂRSTA MINIMĂ ESTE ÎN JUR DE 3 ANI
,
ÎNVĂȚĂMÂNT UNIVERSITAR,TERMENUL SE REFERĂ LA NIVELURILE 5 ȘI 6 DIN ISCED. ÎNVÂȚĂMÂNTUL UNIVERSITAR ESTE FORMAL
ÎNVĂȚĂMÂNT UNIVERSITAR (A DOUA ETAPĂ, STUDII DE MASTERAT ȘI DOCTORAT)
ÎNVĂȚĂMÂNT UNIVERSITAR (PRIMA ETAPĂ, STUDII DE LICENȚĂ)
ISTORIC MEDICAL,LISTELE
ISTORIOGRAFIE,STUDIUL ISTORIEI ȘI AL AGENȚILOR DIN ACEST STUDIU
JOC (JOACĂ),ACTIVITATE FIZICĂ SAU MINTALĂ DESFĂȘURATĂ DIN PLĂCERE (DEX) 
JURAȚI,UN GRUP DE PERSOANE AUTORIZATE SELECTATE DE LEGE PENTRU A EXAMINA PROBELE DINTR-UN CAZ LEGAL ȘI PENTRU A DA UN VERDICT CURȚII DE JUSTIȚIE
JURNALISM,PREGĂTIREA ȘI DISEMINAREA INFORMAȚIEI PRIVIND ACTUALITĂȚILE (ERIC)
LASERE,DISPOZITIV PENTRU AMPLIFICAREA SAU GENERAREA UNDELOR ELECTROMAGNETICE DIN DOMENIUL OPTIC PE BAZA EFECTULUI DE EMISIUNE FORȚATĂ A SISTEMELOR ATOMICE 
LEADERI AI COMUNITĂȚII,PERSOANE CARE AU UN ROL DE CONDUCEREA DE MULTE ORI CU DEMNITĂȚI
LEGISLATURĂ,SE REFERĂ LA UN CORP DE PERSOANE NUMITE CARE AU DREPTUL SĂ ÎNTOCMEASCĂ
LIMBAJ,UN MIJLOC SISTEMATIC DE COMUNICARE PRIN INTEMEDIUL UTILIZĂRII SEMNELOR
LIMBI NAȚIONALE,O LIMBĂ CARE ESTE SURSĂ SAU SEMN AL IDENTITĂȚII PENTRU O NAȚIUNE. EA POATE FI DIFERITĂ DE LIMBA OFICIALĂ (A SE VEDEA CAZUL BELGIEI). 
LIMBI PREDOMINANTE,LIMBI FOLOSITE ÎN MOD DOMINANT
LIMBI STRĂINE SECUNDARE,LIMBI STRĂINE
LIPSĂ DE ADĂPOST,PERSOANE FĂRĂ ADĂPOST
LOCALURI PUBLICE,LOCAȚII PUBLICE ÎN CARE SE VINDE ALCOOL PENTRU CONSUMUL ÎN LOCAȚIA RESPECTIVĂ
LOCOMOȚIE,DEPLASARE
LOCUL CONTROLULUI,PERCEPȚIILE UNUI INDIVID CU PRIVIRE LA PROPRIUL CONTROL ASUPRA EVENIMENTELOR ȘI REZULTATELOR DETERMINATE INTERN DE COMPORTAMENTE VS. SOARTĂ
LUCRĂRI PRACTICE (DE SEMINAR, DE LABORATOR)
LUCRU LA DOMICILIU CU MATERIALELE ANGAJATORULUI,ECHIPAMENTELE ȘI MATERIALELE ÎN ACEST CAZ SUNT OFERITE DE ANGAJATOR
MAGIE,RITUALURI MENITE SĂ INFLUENȚEZE EVENIMENTE
MÂNĂ DE LUCRU INFANTILĂ,COPII DE VÂRSTĂ ȘCOLARĂ CARE MUNCESC
MANAGEMENT,A SE FOLOSI ÎN LEGĂTURĂ CU TREI SARCINI DE LUCRU: SUPERVIZAREA MUNCII CELORLALȚI ȘI ASUMAREA RESPONSABILITĂȚII PENTRU MUNCA CELORLALȚI; ALOCAREA FORȚEI DE MUNCĂ
MĂRFURI,MATERIALE ÎN FORMA NEPROCESATĂ SAU PROCESATE DOAR CÂT SĂ FIE GATA PENTRU COMERCIALIZARE
MĂSURI DE SIGURANȚĂ ÎN CAZ DE INCENDIU,MĂSURI DE SIGURANȚĂ ȘI PREVENIRE A INCENDIILOR (STRATEGII DE EVACUARE
MĂSURI POSTBELICE,ORICE MĂSURI LUATE DUPĂ UN RĂZBOI
MEDICI GENERALIȘTI,DOCTORI SPECIALIZAȚI ÎN MEDICINĂ GENERALĂ CARE LUCREAZĂ DE REGULĂ ÎN POLICLINICI  ȘI CENTRE DE SĂNĂTATE ȘI SUNT DE CELE MAI MULTE ORI PRIMUL CONTACT DINTRE SERVICIILE DE SĂNĂTATE ȘI MEMBRII COMUNITĂȚII
MERS PE JOS,SE REFERĂ LA MERSUL PE JOS ÎN ANUMITE SCOPURI
METODE DE CONTRACEPȚIE,FOLOSIREA METODELOR
METODE DIDACTICE,"ASPECTELE METODOLOGICE ALE CURSURILOR. PENTRU ASPECTELE STRUCTURALE ȘI ADMINISTRATIVE FOLOSIȚI ""CURSURI EDUCAȚIONALE"". PENTRU SUBIECTUL CURSURILOR FOLOSIȚI ""DOMENII DE STUDIU"" SAU UNUL DINTRE TERMENII SĂI SPECIFICI (NARROWER TERMS)."
MIȘCAREA NATURALĂ A POPULAȚIEI,STATISTICI OFICIALE REFERITOARE LA NATALITATE
MIGRAȚIA FORȚEI DE MUNCĂ,TERMEN UTILIZAT ÎN CAZUL MIGRAȚIEI PENTRU A CĂUTA SAU A OCUPA UN POST DE MUNCĂ.
MIGRAȚIE RURAL-URBAN,"MIGRAȚIA POPULAȚIEI DIN ZONELE RURALE CĂTRE ZONELE URBANE. A NU SE CONFUNDA CU ""MIGRAȚIA URBAN-RURAL"""
MIGRAȚIE URBAN-RURAL,MIGRAȚIE INTERNĂ DIN ZONELE URBANE CĂTRE ZONELE RURALE
MIJLOACE CONTRACEPTIVE,TOATE INSTRUMENTELE CONTRACEPTIVE SUNT CONSIDERATE CA TERMENI SECUNDARI PENTRU TERMENUL ”MIJLOACE CONTRACEPTIVE” ÎN AFARA DE  ”FOLOSIREA PREZERVATIVULUI” CARE ESTE CONSIDERAT UN TERMEN SPECIFIC DEOARECE ACESTA SE LEAGĂ DE PROBLEMA BOLILOR CU TRANSMITERE SEXUALĂ. 
MOBILITATE FIZICĂ,"ACOPERĂ SFERA SAU LIMITĂRILE MOBILITĂȚII FIZICE ALE UNUI INDIVID; TERMENUL GENERAL DE ""MOBILITATE FIZICĂ"" POATE FI FOLOSIT ȘI ÎN CAZUL ÎN CARE SE DOREȘTE A SE EXPRIMA O ""MOBILITATE LIMITATĂ"" SAU ""RESTRICTIVĂ"" A UNUI INDIVID"
MONITORIZAREA DE POLITICI,PROCES PRIN CARE O POLITICĂ IMPLEMENTATĂ ESTE EVALUATĂ CONTINUU PENTRU A SE ASIGURA ÎNDEPLINIRIREA OBIECTIVELOR PE CARE ȘI LE-A PROPUS.
MONUMENTE,CONSTRUCȚIE RIDICATĂ PENTRU A COMEMORA O PERSOANĂ NOTABILĂ SAU UN EVENIMENT IMPORTANT; O STATUIE SAU O ALTĂ CONSTRUCȚIE RIDICATĂ ÎN MEMORIA UNEI PERSOANE DECEDATE FIE DEASUPRA MORMÂNTULUI
MORTALITATE,"NUMĂRUL DECESELOR DINTR-O PERIOADĂ. A NU SE CONFUNDA CU ""MOARTE"" SAU CU ""RATA MORTALITĂȚII""."
MOȘTENIRE CULTURALĂ,MOȘTENIREA SOCIALĂ
MUNCĂ ÎN FOLOSUL COMUNITĂȚII (PEDEAPSĂ),MUNCĂ ÎN FOLOSUL COMUNITĂȚII LA CEREREA UNEI INSTANȚE JUDECĂTOREȘTI PENTRU A COMPENSA O INFRACȚIUNE
NAȚIONALITATE,ORIGINEA NAȚIONALĂ; FAPTUL DE A APARȚINE UNEI NAȚIUNI; RELAȚIA LEGALĂ DINTRE SUBIECT (INDIVID) ȘI STAT
NAȚIONALITATE BIOGRAFICĂ,NAȚIONALITATEA PREDOMINANTĂ A STRĂMOȘILOR UNUI INDIVID
NATALITATE,"NUMĂRUL NAȘTERILOR DINTR-O ANUMITĂ PERIOADĂ. A NU SE CONFUNDA CU ""NAȘTERE"" ORI CU ""RATA NATALITĂȚII""."
NAȘTERE,"CONCEPTUL DE NAȘTERE SAU INFORMAȚII DESPRE NAȘTERILE INDIVIDUALE. A NU SE CONFUNDA CU  ""NATALITATEA"" SAU ""RATA NATALITĂȚII""."
NAȘTEREA PROPRIU-ZISĂ,ACOPERĂ INFORMAȚIILE DESPRE METODELE DE A NAȘTE
NATURĂ SĂLBATICĂ,FAUNA ȘI FLORA ORIGINARĂ A UNEI REGIUNI (OED)
NAVETĂ,DEPLASARE DINTR-O LOCALITATE ÎN ALTA ÎN SCOPUL DE A MERGE LA LOCUL DE MUNCĂ
NEPROLIFERARE NUCLEARĂ,ÎNȚELEGERE ÎNTRE ȚĂRI DE A ÎNCETA PRODUCȚIA DE ARME NUCLEARE ȘI DE A OPRI MĂRIREA NUMĂRULUI DE ARME NUCLEARE.
NEVOI PRIMARE,MINIMILE CERINȚE PENTRU UN TRAI DECENT: MÂNCARE ADECVATĂ
NEVOI SOCIALE,SE REFERĂ LA NEVOILE SOCIALE ALE UNUI INDIVID
NIVELURI EDUCAȚIONALE,DEFINIȚIILE PENTRU NIVELURILE DE EDUCAȚIE BAZATE PE ISCED 1997
NOMAZI,CEI PENTRU CARE CĂLĂTORIA ESTE UN MOD DE VIAȚĂ
NUMĂRUL DIVORȚURILOR,"NUMĂRUL DIVORȚURILOR DINTR-O ANUMITĂ PERIOADĂ. A NU SE CONFUNDA CU ""DIVORȚ"" SAU CU ""RATA DIVORȚURILOR""."
NUMIRI ÎN CADRUL BISERICII,PROCEDURILE DE NUMIRE ÎN POSTU DE PREOT
NUPȚIALITATE,"NUMĂRUL CĂSĂTORIILOR DINTR-O ANUMITĂ PERIOADĂ. A NU SE CONFUNDA CU ""CĂSĂTORIE"""
OBICEIURI ȘI TRADIȚII,OBICEIURI: COMPORTAMENT REPETITIV
OBICEIURI LA CĂSĂTORIE,OBICEIURILE STABILITE PRIVIND CĂSĂTORIILE DINTR-O ANUMITĂ SOCIETATE CARE AR PUTEA SĂ NU FIE ACCEPTATE SAU AR PUTEA SĂ NU FIE COMUNE ÎN ALTE SOCIETĂȚI (DE EXEMPLU POLIGAMIA)
OBLIGAȚII,ACȚIUNE SAU PROCES PE CARE O PERSOANĂ TREBUIE SĂ O SAU SĂ ÎL ÎNDEPLINEASCĂ DIN PUNCT DE VEDERE MORAL (OED).
OCUPAȚII PROFESIONALE,OCUPAȚIILE PROFESIONALE SAU LIBER ALESE (PROFESIILE) SUNT ACELE MESERII SAU OCUPAȚII CU CARACTER INTELECTUAL SAU TEHNIC PE CARE CINEVA LE DEȚINE DUPĂ O FORMARE EDUCAȚIONALĂ ÎN ACEST SENS
ȘOMAJ TEHNIC,PROGRAM REDUS TEMPORAR ÎNSOȚIT DE REDUCERE SALARIALĂ TEMPORARĂ (DATORATE CONDIȚIILOR  NEFAVORABILE DIN PIAȚA ECONOMICĂ)
ONOMASTICĂ,STUDIUL ORIGINII ȘI FORMĂRII NUMELOR PROPRII (ÎN SPECIAL NUME DE PERSOANE)
OPOZIȚIE LEGALĂ,FORME DE PROTESTE POLITICE SAU OPOZIȚII CUM AR FI DEMONSTRAȚIILE
ORGANIZAȚII,TERMEN GENERAL CU REFERIRE LA TOATE TIPURILE DE ORGANIZAȚII NON-COMERICALE ȘI/SAU CARE ÎNDEPLINESC NEVOILE MEMBRILOR ADERENȚI. A SE FOLOSI UN TERMEN MAI SPECIFIC DACA E POSIBIL
ORGANIZAȚII CULTURALE,ORGANIZAȚII INTERESATE DE CULTURĂ ȘI ARTE
ORGANIZAȚII PRIVATE DE VOLUNTARIAT, ORGANIZAȚII NON-GUVERNAMENTALE
ORGANIZAȚII STUDENȚEȘTI,ORICE ORGANIZAȚIE CARE EXISTĂ ÎN BENEFICIUL STUDENȚILOR SAU AI CĂREI MEMBRI SUNT STUDENȚI
ORIENTARE SEXUALĂ,DIRECȚIA INTERESULUI PSIHOSEXUAL CĂTRE MEMBRII ACELUIAȘI SEX SAU ALE AMBELOR SEXE. A NU SE CONFUNDA CU 'IDENTITATE SEXUALĂ'.
PARTENER SUPRAVIEȚUITOR DINTR-O UNUIUNE CIVILĂ,INDIVIZI AI CĂROR PARTNERI CIVILI AU DECEDAT
PARTENERIATE CIVILE,O RELAȚIE FIE ÎNTRE DOUĂ PERSOANE DE ACELAȘI SEX
PARTICIPARE,A ÎMPĂRȚI O ACTIVITATE SAU A FI PARTE DINTR-O ACTIVITATE
PARTICIPARE CULTURALĂ,PARTICIPAREA SAU IMPLICAREA ÎN ACTIVITĂȚI CULTURALE
PARTICIPARE POLITICĂ,IMPLICAREA ÎN ACTIVITĂȚI POLITICE
PARTICIPARE SOCIALĂ,IMPLICARE ÎN ACTIVITĂȚI SOCIALE SAU COMUNITARE
PARTICIPARE STUDENȚEASCĂ,IMPLICAREA STUDENTULUI SAU ELEVULUI ÎN ACTIVITĂȚILE EDUCAȚIONALE SAU NON-EDUCAȚIONALE
,
PARTICIPAREA ANGAJAȚILOR,GRADUL ÎN CARE ANGAJAȚII PARTICIPĂ LA DIVERSE ACȚIUNI ȘI EVENIMENTE ALE COMPANIEI ÎN CARE LUCREAZĂ
PARTICIPAREA COMUNITĂȚII,MĂSURA ÎN CARE O PERSOANĂ PARTICIPĂ LA ACTIVITĂȚILE COMUNITĂȚII
PARTIDE POLITICE,A SE UTILIZA CA TERMEN GENERAL ATUNCI CÂND EXISTĂ DATE CROS-NAȚIONALE. ATUNCI CÂND ESTE CAZUL A SE FOLOSI TERMENI MAI SPECIFICI
PATRIMONIU MONDIAL,TERMEN GENERAL CE DESCRIE MEDIUL NATURAL CA MOȘTENIRE A TRECUTULUI ȘI CARE TREBUIE PĂSTRAT PENTRU BUNĂSTAREA GENERAȚIILOR VIITOARE 
PATRONAJ,AJUTOR ACORDAT CUIVA DE O PERSOANĂ INFLUENTĂ SAU CU POSIBILITĂȚI MATERIALE
PEDEAPSĂ CORPORALĂ,"ÎN CAZUL PEDEPSELOR CORPORALE ÎN ȘCOLI A SE FOLOSI TERMENUL ""PEDEPSE ȘCOLARE"""
PENSIE ALIMENTARĂ A COPILULUI,PLĂȚI FĂCUTE DE PĂRINTELE ABSENT PENTRU SUSȚINEREA UNUI COPIL MINOR FIE PRINTR-O PROCEDURĂ LEGALĂ. FIE PRIN ÎNȚELEGERE VOLUNTARĂ (DE OBICEI ÎN URMA DIVORȚULUI SAU DESPĂRȚIRII). ACEST TERMEN NU SE REFERĂ LA ALOCAȚIILE DE STAT PENTRU FAMILIILE CU COPII. PENTRU ACEASTA FOLOSIȚI „BENEFICII FAMILIALE”
PENSII DE STAT, DOAR ÎN URMA MUNCII
PENSII PERSONALE PRIVATE,PENSII CARE NU SUNT LEGATE DE GUVERN SAU DE PENSIILE OBȚINUTE ÎN CALITATE DE ANGAJAȚI
PERSOANE CARE LUCREAZĂ LA DOMICILIU,PERSOANE REMUNERATE CARE LUCREAZĂ LA DOMICILIU
PERSOANE CASNICE,PERSOANĂ
PERSOANE NECĂSĂTORITE,A SE FOLOSI ACEST TERMEN DOAR PENTRU PERSOANELE CARE NU S-AU CĂSĂTORIT NICIODATĂ. A NU SE FOLOSI ÎN CAZUL PERSOANELOR CARE TRĂIESC SINGURE
PERSONAL PARAMEDICAL,PERSOANE CARE LUCREAZĂ ÎN AMBULANȚE ȘI CARE SUNT INSTRUITE ÎN ACORDAREA PRIMULUI AJUTOR
PERSUASIUNE POLITICĂ,ÎN ACEST CAZ PERSUASIUNEA SE REFERĂ LA ÎNCERCĂRILE DE A EXERCITA INFLUENȚĂ ASUPRA CONSTITUIRII SAU IMPLEMENTĂRII UNOR POLITICI PUBLICE. CA ȘI ACTIVITATE
PLAN DE DEZVOLTARE,ACȚIUNEA DE A PROIECTA SAU DE A DE A REALIZA PLANURI DE DEZVOLTARE PENTRU A OBȚINE OBIECTIVE POLITICE DE DEZVOLTARE SPECIFICE.
PLAN DE ÎNVĂȚĂMÂNT,
PLURALISM CULTURAL,COEXISTENȚA ÎN CADRUL UNEI SOCIETĂȚI A UNOR GRUPURI CULTURAL DIFERITE CARE MENȚIN STILURI DE VIAȚĂ DISTINCTE
POLITICĂ DE DEZVOLTARE,SE REFEERĂ LA POLITICILE DE DEZVOLTARE FIE NAȚIONALE
POLUARE VIZUALĂ,ACELE ELEMENTE ALE PEISAJULUI URBAN PE CARE COMUNITATEA LE GĂSEȘTE DERANJANTE PRECUM CLĂDIRI
POPULAȚIA DIN SISTEMUL DE ÎNVĂȚĂMÂNT,NUMĂRUL POPULAȚIEI ANGAJAT ÎN EDUCAȚIE - INCLUDE ATÂT NUMĂRUL STUDENȚILOR CÂT ȘI NUMĂRUL PERSONALULUI EDUCAȚIONAL
POSESIE ASUPRA LOCUINȚEI,ACEST TERMEN SE POATE FOLOSI ȘI ÎN CAZUL PROPRIETĂȚII OCUPATE CU CHIRIE
PREDESTINARE,PLANUL DIVIN PRIN CARE OAMENII SUNT CONDUȘI
PRELEGERI,"DISCURS FORMAL OFERIT DE UN PROFESOR DE LICEU SAU DE UN PROFESOR UNIVERSITAR STUDENȚILOR (OXFORD ENGLISH DICTIONARY). A NU SE CONFUNDAS CU ""TUTORIALE""."
PREPARARE A ALIMENTELOR,ASPECTE CARE ȚIN DE SIGURANȚA ȘI IGIENA PREPARĂRII ALIMENTELOR
PRESTIGIU,INFLUENȚĂ SAU REPUTAȚIE CARE SE TRAGE DIN CARACTERUL PE CARE O PERSOANĂ L-A AFIȘAT
PREZENȚĂ,ÎNCERCAȚI SĂ FOLOSIȚI UN CUVÂNT MAI SPECIFIC
PROBLEME COMPORTAMENTALE,"PROBLEME UȘOARE SAU TRECĂTOARE DE COMPORTAMENT. A NU SE CONFUNDA CU  ""TULBURĂRI DE COMPORTAMENT"" CARE SE REFERĂ LA PROBLEMELE COMPORTAMENTALE SEVERE SAU CRONICE"
PROBLEME DE SĂNĂTATE,ACEST TERMEN SE FOLOSEȘTE PENTRU DATE DESPRE PROBLEME GENERALE DE SĂNĂTATE. PENTRU BOLI SPECIFICE FOLOSIȚI „BOLI”. PENTRU DATE DESPRE SĂNĂTATE ȘI BUNĂSTARE ÎN GENERAL FOLOSIȚI „SĂNĂTATE”
PROCES DE COMUNICARE,DIVERSELE PROCESE IMPLICATE ÎN COMUNICAREA INFORMAȚIEI. FOLOSIȚI UN TERMEN SPECIFIC DACĂ SE POATE.
PROCESE MOTORII,ABILITATEA DE A FOLOSI ȘI CONTROLA MEMBRELE ȘI MIȘCĂRILE CORPORALE
PROGRAME EDUCAȚIONALE DE BAZĂ,PROGRAME DE BAZĂ
PROGRAME GENERALE (DOMENII DE STUDIU),UTILIZAȚI UN TERMEN SPECIFIC
PROTECȚIE ÎMPOTRIVA TERORISMULUI,MĂSURI PENTRU DETECȚIA ȘI PREVENIREA ACTELOR DE TERORISM
PROTEJARE,FOLOSIȚI UN TERMEN MAI SPECIFIC DACĂ SE POATE
PROTEJAREA VIEȚII SĂLBATICE,PROTEJAREA FAUNEI ȘI FLOREI
PROTOCOALE CLINICE,REGULI ȘI PROCEDURI PE CARE PROFESIONIȘTII DIN DOMENIUL SĂNĂTĂȚII TREBUIE SĂ LE URMEZE ÎN ANUMITE CAZURI SAU ÎN ANUMITE TRATAMENTE 
,
PSIHOMETRIE,ȘTIINȚA CARE MĂSOARĂ CAPACITĂȚILE SI PROCESELE MENTALE; APLICAREA METODELOR DE MĂSURARE ÎN DIFERITE NIȘE DIN PSIHOLOGIE
PUBLICITATE,ACEST TERMEN SE FOLOSEȘTE PENTRU PUBLICITATEA ÎN SCOPURI COMERCIALE. A NU SE CONFUNDA CU CAMPANIILE DE INFORMARE PUBLICĂ.
PUBLICITATE PRIN POȘTĂ,LIVRAREA MATERIALELOR PUBLICITARE ÎN CĂSUȚA POȘTALĂ
RANG AL NĂSCUTULUI VIU,NUMĂR DE ORDINE CARE ARATĂ AL CÂTĂLEA COPIL VIU S-A NĂSCUT LA O FEMEIE 
RATA DIVORȚIALITĂȚII,RAPORTUL NUMĂRULUI DE DIVORȚURI DINTR-O POPULAȚIE CALCULAT
RATA MORTALITĂȚII,INDICĂ NUMĂRULUI DE DECESE ÎNTR-O POPULAȚIE
RATA NATALITĂȚII," INDICĂ NUMĂRUL DE NĂSCUȚI VII ÎNTR-O POPULAȚIE CALCULAT LA 1000 DE LOCUITORI ÎNTR-UN AN CALENDARISTIC. A NU SE CONFUNDA CU ""NAȘTERE"""
RATA NUPȚIALITĂȚII,RAPORTUL DINTRE NUMĂRUL DE CĂSĂTORII ȘI NUMĂRUL TOTAL AL POPULAȚIEI
RĂZBOI INFORMAȚIONAL,UTILIZAREA STRATEGICĂ A INFORMAȚIEI SAU A TEHNOLOGIEI INFORMAȚIEI PENTRU CULEGEREA DE INFORMAȚII SAU ÎN SCOPURI MILITARE; BRUIEREA INTENȚIONATĂ A INFORMAȚIEI ȘI A SISTEMELOR DE COMUNICAȚIE
REABILITARE SOCIALĂ (DELINCVENȚI SOCIALI),ACTIVITĂȚI DESTINATE SĂ AJUTE PRIZONIERII ȘI DEȚINUȚII SAU ALȚI INFRACTORI SĂ ÎȘI SCHIMBE COMPORTAMENTUL  PENTRU A DEVENI ACCEPTABILI ÎN SOCIETATE
REȚELE SOCIALE,O REȚEA SOCIALĂ ESTE O STRUCTURĂ SOCIALĂ FORMATĂ DIN NODURI CARE SIMBOLIZEAZĂ DE OBICEI INDIVIZII. EA INDICĂ MODALITĂȚILE PRIN CARE INDIVIZII SUNT INTERCONECTAȚI PRIN DIVERSE RELAȚII SOCIALE CE VARAZĂ DE LA CUNOȘTINȚE LA LEGĂTURI FAMILIALE (WIKIPEDIA).
REGISTRE EDUCAȚIONALE,REGISTRE REFERITOARE LA ADMINISTRAREA ANGAJAȚILOR
REGIUNI SUBDEZVOLTATE,ZONE DEPRIVATE DIN PUNCT DE VEDERE ECONOMIC ȘI SOCIAL CU O INFRASTRUCTURĂ SLAB DEZVOLTATĂ ȘI PROBABILITATE RIDICATĂ A RATELOR MARI DE ȘOMAJ ȘI A LOCURILOR DE MUNCĂ CU SALARII MICI 
REÎNARMARE,A SE REÎNARMA; ÎN SPECIAL CU ARME NOI (OED)
RELAȚII DE MUNCĂ,RELAŢII LA NIVEL DE MANAGEMENT SAU ÎNTRE MANAGEMENT ȘI SALARIAȚI (UNIUNI SAU SINDICATE)
RELAȚII LA LOCUL DE MUNCĂ,RELAŢII ÎNTRE MUNCITORI/SALARIAȚI SAU GRUPURI DE ANGAJAȚI LA LOCUL DE MUNCĂ. A NU SE CONFUNDA CU ”RELAȚII DE MUNCĂ”
RENUNȚARE LA FUMAT,RENUNȚAREA LA OBICEIUL DE A FUMA ȘI FOLOSIREA INSTRUMENTELOR AJUTĂTOARE PENTRU A RENUNȚA LA FUMAT
REPARAȚII DE RĂZBOI,COMPENSAȚII DE RĂZBOI DATORATE DE STATELE ÎNFRÂNTE PENTRU DISTRUGERI 
RESPONSABILITĂȚI CASNICE,TOATE SARCINILE ȘI RESPONSABILITĂȚILE LEGATE DE CASĂ ȘI FAMILIE.
RESPONSABILITĂȚI PARENTALE,RESPONSABILITĂȚILE LEGALE PRIVIND COPIII. PENTRU ÎNDRUMAREA SOCIALĂ
RESURSE,REZERVĂ SAU SURSĂ DE MIJLOACE SAU BUNURI SUSCEPTIBILE DE A FI VALORIFICATE ÎNTR-O ÎMPREJURARE DATĂ. POATE INCLUDE SURSE DE SUPORT
RESURSE BIBLIOTECARE/INFORMAȚIONALE,RESURSELE DISPONIBILE ÎNTR-O BIBLIOTECĂ
RITURI,PROCEDURĂ FORMALĂ SAU ACȚIUNE REALIZATĂ ÎNTR-O MANIERĂ RELIGIOASĂ SAU SOLEMNĂ
ROL PARENTAL,"ACOPERĂ ROLURILE PE CARE LE DEȚIN PĂRINȚII ÎN CREȘTEREA ȘI EDUCAȚIA COPIILOR. PENTRU A EXPRIMA RESPONSABILITATEA LEGALĂ A PARINȚILOR FAȚĂ DE COPII A SE FOLOSI TERMENUL DE ""RESPONSABILITATE PARENTALĂ""."
SĂNĂTATE,"SE FOLOSEȘTE PENTRU DATE DESPRE SĂNĂTATEA  ȘI BUNĂSTAREA GENERALĂ. PENTRU DATE DESPRE SĂNĂTATE PRECARĂ FOLOSIȚI ""PROBLEME DE SĂNĂTATE"".  PENTRU DATE DESPRE BOLI FOLOSIȚI „BOLI” SAU UNUL DIN TERMENII SĂI SPECIFICI (NARROWER TERMS)."
SĂNĂTATE ORALĂ,STAREA SĂNĂTĂȚII BUCALE
SĂNĂTATE PUBLICĂ,PRIVEȘTE ACTIVITĂȚILE DE PREVENIRE ȘI CONTROL AL BOLILOR ȘI DIZABILITĂȚILOR ȘI PROMOVAREA SĂNĂTĂȚII FIZICE ȘI MENTALE A POPULAȚIEI
SĂNĂTATE SEXUALĂ,TERMEN GENERAL CE DENUMEȘTE TOATE ASPECTELE SĂNĂTĂȚII SEXUALE
SANCȚIUNI SOCIALE,TERMENUL SE REFERĂ LA CONTROLUL SOCIAL CA ȘI PEDEAPSĂ A CELOR CARE AU ÎNCĂLCAT NORMALE SOCIALE COMUN ÎMPĂRTĂȘITE ȘI RESPECTATE DE O SOCIETATE ; STIGMATIZARE SOCIALĂ A CELOR CARE AU ÎNCĂLCAT NORMELE SOCIALE; DEZAPROBABREA CELOR DIN JUR
SERVICII COMUNITARE DE SĂNĂTATE,SERVICII DE SĂNĂTATE OFERITE DE ECHIPE CARE INCLUD ASISTENTE COMUNITARE
SERVICII DE ALIMENTARE CU APĂ (CLĂDIRI),TERMEN FOLOSIT PENTRU ALIMENTAREA CU APĂ ÎN CLĂDIRI REZIDENȚIALE
SERVICII DE MUTARE,INCLUD SERVICIILE DE MUTARE ALE MOBILEI SAU ALE ORICĂROR PIESE DIN CASĂ ATUNCI CÂND CINEVA ÎȘI SCHIMBĂ REȘEDINȚA; SE REFERĂ ATĂT LA MUTĂRILE DOMESTICE
SERVICII DE REPREZENTARE ÎN INSTANȚĂ,SERVICII DE SUPORT ADMINISTRATIV PENTRU INSTANȚELE
SERVICII DE RESPIRO,SERVICII DE ÎNGRIJIRE TEMPORARĂ A BOLNAVILOR ÎN VEDEREA PROTEJĂRII PERSOANEI/PERSOANELOR DIN FAMILIE CARE ÎNGRIJESC BOLNAVUL ÎN RESTUL TIMPULUI
SERVICII DE SĂNĂTATE,SERVICII MEDICALE OFERITE LA NIVEL NAȚIONAL SAU REGIONAL. ÎN CAZUL ÎNGRIJIRILOR MEDICALE PRIMITE DE UN PACIENT
SERVICII ONLINE,SERVICII FURNIZATE DE SECTOARELE PUBLICE ȘI PRIVATE PRIN INTERMEDIUL INTERNETULUI
SERVICII PUBLICE,SERVICII OFERITE PUBLICULUI; SERVICII SAU APROVIZIONĂRI CU ELECTRICITATE
SERVICII SOCIALE DE ÎNGRIJIRE PERSONALĂ,ÎNGRIJIRE OFERITĂ CĂTRE ANUMITE GRUPURI SAU PERSOANE ÎN NEVOIE
SFAT,FOLOSIT PENTRU SFATURI ÎN GENERAL. ÎNCERCAȚI SĂ UTILIZAȚI UN TERMEN MAI SPECIFIC.
SFATURI MEDICALE,SFATURI DIN PARTEA CADRELOR MEDICALE CU PRIVIRE LA CHESTIUNILE DE SĂNĂTATE GENERALĂ
SIGURANȚA COPILULUI,PREVENIREA ACCIDENTELOR ȘI EVITAREA PERICOLELOR PENTRU COPII
SILVICULTURĂ,ȘTIINȚA ȘI ARTA DE A FORMA ȘI CULTIVA PĂDUREA. MANAGEMENTUL MATERIALULUI LEMNOS. (OED).
SIMPTOME,MANIFESTARE A UNEI PROBLEME
SISTEM IMUNITAR,SISTEMUL ANATOMIC COMPUS DIN ORGANE ȘI CELULE
SISTEME DE ALARMĂ PENTRU ASISTENȚĂ,ALAMĂ PERSONALĂ DESTINATĂ BĂTRÂNILOR SAU PERSOANELOR VULNERABILE PENTRU AJUTOR SAU ÎN CAZ DE NEVOIE
SISTEME DE SECURITATE,SISTEME DE SECURITATE CARE INCLUD ÎNCUIETORI
SISTEMUL DE JUSTIȚIE PENALĂ,"TERMENUL ÎN LIMBA ENGLEZĂ A FOST CREAT IN MAI 2004. ÎNAINTE DE ACEASTĂ DATĂ A FOST PROBABIL FOLOSIT TERMENUL ""ADMINISTRAȚIA JUSTIȚIEI"""
SOCIALIZARE ECONOMICĂ,PROCES PRIN CARE INDIVIZII ÎNVAȚĂ SĂ SE CONFORMEZE NORMELOR ȘI VALORILOR SOCEITĂȚII
SOCIETĂȚI DE CONSUM,"A NU SE CONFUNDA CU ""ASOCIAȚII ALE CONSUMATORILOR"" SAU CU ""PROTECȚIA CONSUMATORILOR"""
SOCIOLOGIA PROFESIILOR,SOCIOLOGIE APLICATĂ ÎN DOMENIUL LOCURILOR DE MUNCĂ
SOCIOMETRIE,ANALIZA CALITATIVĂ ȘI CANTITATIVĂ A STRUCTURII GRUPURILOR
SOLUȚIONARE ALTERNATIVĂ A DISPUTELOR,SE REFERĂ LA MODALITĂȚILE PRIN CARE PĂRȚILE UNEI DISPUTE AJUNG LA UN CONSENS PRIN MEDIERE DE CĂTRE O TERȚĂ PARTE FĂRĂ A AJUNGE ÎN FAȚA UNEI INSTANȚE JUDECĂTOREȘTI
SOMAȚII,UN APEL SAU O CITARE DE CĂTRE O AUTORITATE ÎN VEDEREA PREZENTĂRII ÎN FAȚA CURȚII SAU ÎN FAȚA UNUI OFIȚER JUDICIAR
SPAȚII URBANE,SE INCLUD AICI PIEȚELE
SPECTATORII SPORTULUI,URMĂRIREA UNUI PROGRAM SPORTIV FIE DE PE UN DISPOZITIV ELECTRONIC
SPITALIZARE,"PERIOADA DE ȘEDERE A UNUI PACIENT ÎN SPITAL. A NU SE CONDUNDA CU ""INTERNARE""."
SPORTURI ATLETICE,SPORTURI CARE FORMEAZA PROBELE ATLETICE: ATLETISM
SPORTURI SÂNGEROASE,SPORTURI SAU COMPETIȚII CARE IMPLICĂ VĂRSARE DE SÂNGE ÎN RÂNDUL ANIMALELOR
STABILIREA SALARIILOR,PROCESUL DE A DETERMINA SALARII SAU STRUCTURI SALARIALE ÎN ANUMITE OCAZII
STAGIARI,CEI CARE URMEAZĂ UN CURS DE FORMARE/INSTRUIRE PENTRU LOCUL DE MUNCĂ SAU PENTRU PROFESIE
STATISTICĂ,"A SE FOLOSI ACEST TERMEN CU REFERIRE LA STATISTICĂ CA ȘTIINȚĂ. PENTRU COLECȚIONAREA DATELOR STATISTICE A SE FOLOSI TERMENUL ""DATE STATISTICE"". "
STATUT OCUPAȚIONAL,RANGUL
STATUTUL PE PIAȚA FORȚEI DE MUNCĂ,"TERMENUL SE REFERĂ LA ÎNCADRAREA UNEI PERSOANE SALARIATE ÎNTR-O CATEGORIE SAU ALTA CARE INDICĂ ODATĂ RELAȚIA ACESTEIA CU MIJLOACELE DE PRODUCȚIE ȘI POZIȚIA ÎN IERARHIA LOCURILOR DE MUNCĂ. A NU SE CONFUNDA CU ""ACTIVITATE ECONOMICĂ"" SAU CU ""STATUT OCUPAȚIONAL"""
STERILIZARE (SEX),ACEST TERMEN ESTE FOLOSIT ATÂT PENTRU STERILIZAREA FEMININĂ CÂT ȘI PENTRU CEA MASCULINĂ.
STUDENȚI NELICENȚIAȚI,STUDENȚI ÎN CADRUL UNEI UNIVERSITĂȚI CARE ÎNCĂ NU AU UN GRAD ACADEMIC
STUDENȚI STRĂINI,STUDENȚI CARE NU SUNT NATIVI ÎN ȚARA ÎN CARE STUDIAZĂ
STUDII CULTURALE,STUDIUL CULTURII ȘI FENOMENELOR CULTURALE. INCLUDE POLITICĂ
SUBCULTURI,UN GRUP SAU O CLASĂ DE DIMENSIUNE MICĂ CE ÎMPĂRTĂȘEȘTE CREDINȚE SPECIFICE
SUPORT SOCIAL,SUSȚINERE INFORMALĂ SAU ASISTENȚĂ ÎN SPECIAL PENTRU VÂRSTNICI VENITĂ DIN PARTEA FAMILIEI ȘI A PRIETENILOR
SUPRAVEGHERE DIDACTICĂ,SUPERVIZAREA ȘI INSPECȚIA PERSONALULUI DIDACTIC ȘI A INSTITUȚIILOR EDUCAȚIONALE.
SUPRAVEGHEREA COPILULUI,ÎNGRIJIREA COPIILOR ALTOR PERSOANE ÎN REZIDENȚA ACESTORA
TERORISM,A SE FOLOSI PENTRU STUDII GENERALE DESPRE TERORISM SAU VARIABILE LEGATE DE TERORISM. PENTRU ASPECTE SPECIFICE UTILIZAȚI TERMENII ADECVAȚI
TESTE EDUCAȚIONALE,TESTE CARE DETERMINĂ NIVELUL PROGRESULUI ACADEMIC SAU A CUNOȘTIINȚELOR FAȚĂ DE UN STANDARD DE MĂSURĂ A PERFORMANȚEI
,
TIMP DE MUNCĂ,ORE PETRECUTE MUNCIND
TIMP LIBER,TIMPUL PETRECUT ÎN AFARA ORELOR DE MUNCĂ SAU ÎN AFARA OCUPAȚIEI PRINCIPALE A UNUI INDIVID
TINERI,PERIOADA ÎN CARE UN INDIVID ESTE TÂNĂR ȘI NU A AJUNS LA MATURITATE
TRANSFER INFORMAȚIONAL,TRANSFERUL INFORMAȚIEI DE LA O SURSĂ LA ALTA PRIM MODALITĂȚI FORMALE SAU INFORMALE
TRANSMITEREA ȘTIRILOR,TRAMSMISIUNEA ȘTIRILOR PRIN INTERMEDIUL UNUI MEDIU ELECTRONIC
TRANSPORT DE MĂRFURI,TRANSPORTUL BUNURILOR DINTR-O LOCAȚIE ÎN ALTA
TRANSPORT RURAL,SE REFERRĂ LA TRANSPORTUL PUBLIC ȘI PRIVAT DIN ZONELE RURALE
TRANSPORT URBAN,SE REFERĂ LA TRANSPORTUL PUBLIC ȘI PRIVAT DIN ZONELE URBANE
TRATATE,CONTRACTE NEGOCIATE ÎNTRE DOUĂ SAU MAI MULTE AUTORITĂȚI (DE EXEMPLU STATE
TRIBUNALE ALE MUNCII,TRIBUNALE SPECIALIZATE PE CONFLICTE DE MUNCĂ ȘI ASIGURĂRI SOCIALE
TULBURĂRI COGNITIVE,DEFICIENȚE ÎN PROCESELE MENTALE PRIVIND JUDECATA
TULBURĂRI CONGENITALE,TULBURĂRI EXISTENTE LA NAȘTERE CARE POT FI EREDITARE SAU DATORATE UNOR INFLUENȚE SUFERITE ÎN TIMPUL GESTAȚIEI PÂNĂ LA MOMENTUL NAȘTERII
TULBURĂRI DE COMPORTAMENT,"TULBURĂRI DE COMPORTAMENT CRONICE SAU ACUTE CARE POT SAU NU SĂ SE BAZEZE PE O PSIHOPATOLOGIE AFERENTĂ. A NU SE CONFUNDA CU ""PROBLEME COMPORTAMENTALE"" CARE SE REFERĂ LA PROBLEME TRECĂTOARE SAU UȘOARE TULBURĂRI DE COMPORTAMENT"
TULBURĂRI DE LIMBAJ,TULBURAREA CAPACITĂȚII DE A ÎNȚELEGE SAU DE A SE EXPRIMA VERBAL SAU ÎN SCRIS PRIN LIMBAJ.
TULBURĂRI EMOȚIONALE,STARE SAU RĂSPUNS EMOȚIONAL ÎN OPOZIȚIE CU SAU NEPOTRIVIT CU COMPORTAMENTUL OBSERVAT SAU STIMULUL
TULTURĂRI DE COMUNICARE,INCAPACITATEA SAU TULBURAREA CAPACITĂȚII DE A COMUNICA
TUNDRĂ,VEGETAȚIE DE TUNDRĂ CUM AR FI ARBUȘTI
UNIUNI STUDENȚEȘTI,O UNIUNE CARE PROTEJEAZĂ INTERESELE MEMBRILOR STUDENȚI
UTILITĂȚI PENTRU CLĂDIRI,UTILITĂȚILE PENTRU CLĂDIRI ASIGURĂ SERVICIILE NECESARE TRAIULUI ȘI INCLUD CĂLDURĂ ȘI ILUMINAT
UTILITĂȚI PENTRU GĂTIT,SPAȚIUL ȘI ECHIPAMENTELE NECESARE PENTRU A PREGĂTI ȘI A PREPARA MÂNCAREA
UTILIZARE MASS MEDIA,FORMA
UTILIZAREA CĂRȚILOR,MODALITATEA
UTILIZAREA INTERNETULUI,MANIERA
VACANȚE EDUCAȚIONALE,"A SE FOLOSI ÎN CAZUL VACANȚELOR SAU CONCEDIILOR PENTRU PUBLICUL GENERAL. PENTRU VACANȚELE EDUCAȚIONALE ORGANIZATE DE ȘCOLI A SE FOLOSI TERMENUL ""VIZITE EDUCAȚIONALE"". "
VALORI,CREDINȚELE PE CARE OAMENII LE DEȚIN ȘI CU AJUTORUL CĂRORA ÎȘI GHIDEAZĂ COMPORTAMENTUL ÎN LEGĂTURĂ CU CE ESTE BINE ȘI CE ESTE RĂU ȘI CU CE ESTE IMPORTANT ÎN VIAȚĂ
VALORI ANTREPRENORIALE,ACELE VALORI ASOCIATE CU UN COMPORTAMENT ANTREPRENORIAL
VARIAȚII LINGVISTICE,DIFERENȚE ÎN SISTEMELE DE LIMBAJ REZULTATE ÎN URMA SCHIMBĂRILOR ISTORICE
VÂRSTA LA IEȘIREA DIN SISTEMUL EDUCAȚIONAL,VÂRSTA LA CARE O PERSOANĂ POATE PĂRĂSI SISTEMUL EDUCAȚIONAL ÎN MOD LEGAL; VÂRSTA LA CARE O PERSOANĂ PĂRĂSEȘTE ȘCOALA. 
VENIT DIN EDUCAȚIE,ACEST TERMEN ACOPERĂ VENITURILE GENERATE DE O ȘCOALĂ
VIAȚĂ DE FAMILIE,DINAMICA INTERACȚIUNILOR DINTRE MEMBRII FAMILIEI
VÎRSTĂ A PENSIONĂRII,"TERMENUL ÎN LIMBA ENGLEZĂ A FOST ADĂUGAT ÎN NOIEMBRIE 2004. ÎNAINTE DE ACEASTĂ DATĂ AU FOST FOLOSIȚI TERMENII ""PENSIONARE"" + ""VÂRSTĂ"" "
VÎRSTĂ DE INTRARE ÎN SISTEMUL EDUCAȚIONAL,VÂRSTA LA ÎNSCRIEREA ÎN SISTEMUL EDUCAȚIONAL OBLIGATORIU; VÂRSTA LA CARE COPILUL ÎNCEPE ȘCOALA.
VÎRSTĂ LEGALĂ,VÂRSTA LEGALĂ LA CARE O PERSOANĂ POATE SĂ FACĂ ANUMITE ACȚIUNI
VIZITE EDUCAȚIONALE,"PENTRU VIZITE LA ȘCOALĂ SAU EXCURSII DE O ZI ORGANIZATE DE ȘCOALĂ. PENTRU VACANȚE EDUCAȚIONALE PENTRU PUBLICUL LARG FOLOSIȚI ""VACANȚE EDUCAȚIONALE"". PENTRU TRANSPORTUL LA ȘI DE LA ȘCOALĂ FOLOSIȚI TERMENUL ""TRANSPORT PENTRU STUDENȚI""."
VIZITE LA DOMICILIU,VIZITE ALE PERSONALULUI MEDICAL LA DOMICILIUL PACIENȚILOR 
ZONE ACVATICE DE RECREERE,ZONE ACVATICE AMENAJATE PENTRU SCOPURI RECREAȚIONALE
ZONE DE CAMPING,TERMEN FOLOSIT PENTRU LOCURILE DE CAMPING PENTRU CORTURI
ZONE PROTEJATE,ZONĂ DE INTERES ARHITECTURAL
ZONE URBANE CENTRALE,ZONA CENTRALĂ A UNUI ORAȘ
ZONE VERZI,ZONE DE PĂMÂNT PROTEJATE PERMANENT ÎN JURUL ȘI ÎN INTERIORUL ORAȘELOR
