Preferred Term,UF
A ASCULTA LA RADIO,ASCULTĂTORI RADIO
A ASCULTA LA RADIO,MELOMANI
A FI CONȘTIENT,A FI INFORMAT
ABILITĂȚI DE SCRIERE,SCRIS
ABILITĂȚI LINGVISTICE,APTITUDINI LINGVISTICE
ABILITĂȚI LINGVISTICE,COMPETENȚE LINGVISTICE
ABILITĂȚI VERBALE,COMUNICARE VERBALĂ
ABILITATE ACADEMICĂ,APTITUDINE ACADEMICĂ
ABUZUL VÂRSTNICILOR,ABUZUL BĂTRÂNILOR
ACCES LA TEHNOLOGIA INFORMAȚIEI ȘI A COMUNICAȚIILOR,ACCES LA CALCULATOARE
ACCES LA TEHNOLOGIA INFORMAȚIEI ȘI A COMUNICAȚIILOR,ACCES LA TEHNOLOGIA INFORMAȚIEI
ACCES LA TEHNOLOGIA INFORMAȚIEI ȘI A COMUNICAȚIILOR,ACCES LA TEHNOLOGIA INFORMAȚIEI ȘI COMUNICAȚIILOR
ACCES LA TEHNOLOGIA INFORMAȚIEI ȘI A COMUNICAȚIILOR,ACCES LA TIC
ACCIDENTE CASNICE,ACCIDENTE DOMESTICE
ACCIDENTE LA TRANSPORT,ACCIDENTE DE TRANSPORT
ACCIDENTE LA TRANSPORT,ACCIDENTE IN TRANSPORT
ACCIDENTE NUCLEARE,ACCIDENTUL DE LA CERNOBÂL
ACȚIUNE COMUNITARĂ,GRUPURI DE ACȚIUNE COMUNITARĂ
ACȚIUNI,ACȚIONARIAT
ACȚIUNI ALE CONSUMATORILOR,PLÂNGERILE CLIENȚILOR
ACȚIUNI ALE CONSUMATORILOR,PLÂNGERILE CONSUMATORILOR
ACOPERIRE MASS MEDIA,ACOPERIRE MEDIA
ACORDURI COMERCIALE,CONTRACTE COMERCIALE
ACORDURI INTERNAȚIONALE,INSTRUMENTE INTERNAȚIONALE
ACTIVITĂȚI ARTISTICE,EXPRIMARE ARTISTICĂ
ACTIVITĂȚI BANCARE ONLINE,ACTIVITĂȚI BANCARE PRIN INTERMEDIUL INTERNETULUI
ACTIVITĂȚI BANCARE ONLINE,E-BANKING
ACTIVITĂȚI CULTURALE,ACTIVITĂȚI SOCIO-CULTURALE
ACTIVITĂȚI DE TIMP LIBER,ACTIVITĂȚI RECREATIVE
ACUSTICĂ,SUNET
ACUSTICĂ,ZGOMOT
ADMINISTRAȚIA LOCALĂ,AUTORITĂȚI LOCALE
ADMINISTRAȚIA LOCALĂ,CONSILIU LOCAL
ADMINISTRAȚIE EDUCAȚIONALĂ,ADMINISTRAȚIA ȘCOLILOR
ADMINISTRAȚIE EDUCAȚIONALĂ,ADMINISTRAȚIA FACULTĂȚILOR
ADMINISTRAȚIE EDUCAȚIONALĂ,ADMINISTRAȚIA UNIVERSITĂȚILOR
ADMINISTRAȚIE EDUCAȚIONALĂ,CORPURI ADMINISTRATIVE EDUCAȚIONALE
ADMINISTRAȚIE EDUCAȚIONALĂ,MANAGEMENT EDUCAȚIONAL
ADMINISTRAȚIE EDUCAȚIONALĂ,STRUCTURI ADMINISTRATIVE EDUCAȚIONALE
ADMINISTRAREA FINANȚELOR PERSONALE,MANAGEMENTUL FINANȚELOR PERSONALE
ADMINISTRAREA MEDIULUI,CONTROLUL MEDIULUI
ADMINISTRAREA MEDIULUI,MANAGEMENTUL MEDIULUI
ADMINISTRAREA PRODUCȚIEI,MANAGEMENTUL PRODUCȚIEI
ADMINISTRAREA RESURSELOR,MANAGEMENTUL RESURSELOR
ADMINISTRATORI ÎN DOMENIUL EDUCAȚIONAL,DECANI
ADMINISTRATORI ÎN DOMENIUL EDUCAȚIONAL,DIRECTORI DE ȘCOLI
ADMITEREA ÎN SISTEMUL EDUCAȚIONAL,ADMITERE LA LICEU
ADMITEREA ÎN SISTEMUL EDUCAȚIONAL,ADMITERE LA UNIVERSITATE
AEROPORTURI,PISTE DE ATERIZARE
AEROPORTURI,TERMINALE
AFACERI,ANTREPRIZE
AFACERI,ÎNTREPRINDERE
AFACERI,ORGANIZAȚIE CU CAPITAL PRIVAT
AFACERI MICI,AFACERI DE FAMILIE
AFECȚIUNI ALE SISTEMULUI DIGESTIV,BOLI ALE SISTEMULUI DIGESTIV
AFECȚIUNI ALE SPATELUI,DURERI DE SPATE
AFECȚIUNI ALE SPATELUI,PROBLEME ALE COLOANEI VERTEBRALE
AFECȚIUNI ALE SPATELUI,PROTUZIE DISCALĂ
AFECȚIUNI DENTARE,CARII DENTARE
AFECȚIUNI MUSCULO-SCHELETICE,BOLI MUSCULO-SCHELETALE
AFECȚIUNI UROGENITALE,BOLI UROGENITALE
AFILIERE RELIGIOASĂ,CONFESIUNE RELIGIOASĂ
AGRESIVITATE,AGRESIUNE (PERSONAL)
AJUTOR DE STAT LEGAL,AVOCAT DIN OFICIU
AJUTOR FINANCIAR ,SUSȚINERE FINANCIARĂ
ALERGARE ȘI ATLETISM,JOGGING
ALERGII,HIPERSENSIBILITATE
ALERGII,RINITĂ ALERGICĂ
ALFABETIZARE,INSTRUCȚIE
ALIANȚE INTERNAȚIONALE,ALIANȚE MILITARE
ALIMENTARE CU ENERGIE ELECTRICĂ,COMPANII DE ELECTRICITATE
ALIMENTARE CU ENERGIE ELECTRICĂ,OFERTA DE ELECTRICITATE
ALIMENTARE CU ENERGIE ELECTRICĂ,OFERTA DE ENERGIE ELECTRICĂ
ALIMENTARE CU ENERGIE ELECTRICĂ,SISTEME DE ENERGIE ELECTRICĂ
AMPLASAMENT,LOCAȚIE
ANALIZĂ MULTIVARIATĂ,REGRESIE
ANGAJAȚI ÎN SERVICIILE DE SĂNĂTATE,PERSONAL MEDICAL
ANGAJAȚI ÎN SERVICIILE DE SĂNĂTATE,PERSONAL SANITAR
ANIVERSĂRI,ANIVERSAREA NUNȚI
ANIVERSĂRI,CELEBRĂRI
ANIVERSĂRI,ZILE DE NAȘTERE
ANOXIE,DEFICIENȚĂ DE OXIGEN
ANOXIE,HIPOXIE
ȘANTAJ,DELAPIDARE
ANTROPOLOGIE,ANTROPOLIGIE FIZICĂ
ANTROPOLOGIE,ANTROPOLOGIE CULTURALĂ
ANTROPOLOGIE,ANTROPOLOGIE SOCIALĂ
ANXIETATE,GRIJI
ANXIETATE,ÎNGRIJORARE
APĂRARE (LEGALĂ),PLEDOARIE
APĂRARE CIVILĂ,APĂRARE NAȚIONALĂ
APĂRARE CIVILĂ,PROTECȚIE CIVILĂ
APARTENENȚĂ POLITICĂ,AFILIERE POLITICĂ
APARTENENȚĂ POLITICĂ,APARTENENȚA LA PARTIDE POLITICE
APARTENENȚĂ POLITICĂ,CREDINȚĂ POLITICĂ
APROVIZIONARE CU APĂ,ALIMENTARE CU APĂ
ȚĂRI ÎN CURS DE DEZVOLTARE,TĂRILE LUMII A TREIA
ARTE VIZUALE,ARTĂ
ASCENSOR,LIFT
ASCULTARE,OBICEIURI DE ASCULTARE
ASIGURARE,COMPANII DE ASIGURĂRI
ASIGURARE MEDICALĂ,ASIGURARE DE SĂNĂTATE
ASISTENȚĂ INTERNAȚIONALĂ,AJUTOR STRĂIN
ASISTENȚĂ MEDICALĂ,ÎNGRIJIRE MEDICALĂ
ASISTENȚĂ MEDICALĂ,TRATAMENT MEDICAL
ASISTENT PROFESOR,SUPLINITOR
ASISTENTE MEDICALE,ASISTENȚI COMUNITARI
ASISTENTE MEDICALE,ASISTENTE COMUNITARE
ASPIRAȚIE,AMBIȚIE
ASPIRAȚIE,SPERANȚĂ
ASTROLOGIE,HOROSCOP
ASTROLOGIE,SEMNE DIN NAȘTERE
ATESTAT VOCAȚIONAL,ATESTAT DE INSTRUIRE VOCAȚIONALĂ
ATITUDINI,OPINII
AUTO-DISCIPLINĂ,AUTO-CONTROL
AVERE,PROSPERITATE
BĂNCI,BĂNCI MOBILE
BANDĂ DE FRECVENȚE,BROADBAND
BANDĂ DE FRECVENȚE,LAȚIMEA TRAFICULUI DE DATE
BANDE DE TINERI,GĂȘTI DE TINERI
BĂRBAȚI,GEN MASCULIN
BENEFICII ALE BOLNAVILOR ȘI PERSOANELOR CU DIZABILITĂȚI,ALOCAȚII PENTRU PERSOANELE CU DIZABILITĂȚI
BENEFICII ALE BOLNAVILOR ȘI PERSOANELOR CU DIZABILITĂȚI,BENEFICII PENTRU PERSOANELE BOLNAVE
BENEFICII ALE BOLNAVILOR ȘI PERSOANELOR CU DIZABILITĂȚI,BENEFICII PENTRU PERSOANELE CU DIZABILITĂȚI
BENEFICII ALE BOLNAVILOR ȘI PERSOANELOR CU DIZABILITĂȚI,BENEFICII PENTRU REFACERE
BENEFICII FAMILIALE,ALOCAȚIA COPILULUI
BENEFICII FAMILIALE,BENEFICII ALE COPILULUI
BENEFICII ÎN CAZ DE ACCIDENTE DE MUNCĂ ȘI BOLI,BENEFICII ÎN CAZ DE ACCIDENTE LA LOCUL DE MUNCĂ
BENEFICII ÎN CAZ DE ACCIDENTE DE MUNCĂ ȘI BOLI,COMPENSAȚII ÎN CAZ DE ACCIDENTE LA LOCUL DE MUNCĂ
BENEFICII PENTRU PĂRINȚI,CONCEDIU DE CREȘTERE A COPILULUI
BENEFICII PENTRU PĂRINȚI,CONCEDIU MATERNAL
BENEFICII PENTRU PĂRINȚI,ÎNDEMNIZAȚII DE CREȘTERE A COPILULUI
BENEFICII PENTRU PĂRINȚI,ÎNDEMNIZAȚII DE MATERNITATE
BENEFICII PENTRU PENSIONARI,VALOAREA PUNCTULUI DE PENSIE
BENEFICII PENTRU PENSIONARI,VENIT DIN PENSI
BIBLIOTECI EDUCAȚIONALE,BIBLIOTECI ȘCOLARE
BIBLIOTECI EDUCAȚIONALE,BIBLIOTECI LICEALE
BIBLIOTECI EDUCAȚIONALE,BIBLIOTECI UNIVERSITARE
BOLI ALE SISTEMULUI IMUNITAR,BOLI AUTOIMUNE
BOLI ALE SISTEMULUI IMUNITAR,BOLI IMUNOLOGICE
BOLI ALE SISTEMULUI IMUNITAR,TULBURĂRI ALE SISTEMULUI IMUNITAR
BOLI ALE SISTEMULUI IMUNITAR,TULBURĂRI AUTOIMUNE
BOLI ALE SISTEMULUI NERVOS,BOLI NEUROLOGICE
BOLI ALE TRACTULUI BILIAR,TULBURĂRI ALE TRACTULUI BILIAR
BOLI BACTERIOLOGICE ȘI VIRALE,BOLI CONTAGIOASE
BOLI BACTERIOLOGICE ȘI VIRALE,BOLI INFECȚIOASE
BOLI BACTERIOLOGICE ȘI VIRALE,BOLI TRANSMISIBILE
BOLI BACTERIOLOGICE ȘI VIRALE,INFECȚII BACTERIALE
BOLI BACTERIOLOGICE ȘI VIRALE,INFECȚII VIRALE
BOLI CU TRANSMITERE SEXUALĂ,BOLI VENERICE
BOLI CU TRANSMITERE SEXUALĂ,BTS
BOLI CU TRANSMITERE SEXUALĂ,ITS
BOLI DE INIMĂ,ANGINĂ PECTORALĂ
BOLI DE INIMĂ,ATAC DE CORD
BOLI DE INIMĂ,BOALĂ CARDIACĂ
BOLI DE INIMĂ,BOLI CORONARIENE
BOLI DE INIMĂ,INFARCT MIOCARDIC
BOLI DE NUTRIȚIE ȘI DE METABOLISM,BOLI DE NUTRIȚIE
BOLI DE NUTRIȚIE ȘI DE METABOLISM,BOLI METABOLICE
BOLI DE NUTRIȚIE ȘI DE METABOLISM,TULBURĂRI DE NUTRIȚIE
BOLI DE NUTRIȚIE ȘI DE METABOLISM,TULBURĂRI METABOLICE
BOLI GENETICE,BOLI EREDITARE
BOLI GENETICE,DEFECTE GENETICE
BOLI GENETICE,TULBURĂRI EREDITARE
BOLI HEMATOLOGICE,ANEMIE
BOLI HEMATOLOGICE,BOLI DE SÂNGE
BOLI PROFESIONALE,AFECȚIUNI PROFESIONALE
BOLI PROFESIONALE,BOLI INDUSTRIALE
BOLI VASCULARE,ACCIDENT CARDIO-VASCULAR
BOLI VASCULARE,ACCIDENT VASCULAR
BOLI VASCULARE,FLEBITĂ
BOLI VASCULARE,HEMOROIZI
BOLI VASCULARE,HIPERTENSIUNE
BOLI VASCULARE,HIPOTENSIUNE
BREVETE,PATENTE
BUDISM,BUDIȘTI
BUGETE ALE INSTITUȚIILOR DE ÎNVĂȚĂMÂNT,BUGETE ALE ȘCOLILOR
BUGETE ALE INSTITUȚIILOR DE ÎNVĂȚĂMÂNT,BUGETE ALE UNIVERSITĂȚILOR
BUGETE DE GOSPODĂRIE,BUGETE DE FAMILIE
BUGETE DE STAT,BUGET NAȚIONAL
BUNĂSTAREA COPILULUI,PROTECȚIA COPILULUI
BURUIENI,IERBURI
CÂINI ÎNSOȚITORI,CÂINI CĂLĂUZĂ
CĂLĂTORIE,EXCURSII
CĂLĂTORII AERIENE,ZBORURI (CĂLĂTORII)
CALCULATOARE,COMPUTER PERSONAL
CALCULATOARE,HARDWARE
CALCULATOARE,MICROCALCULATOARE
CALCULATOARE,PC
CALCULATOARE,SISTEME DE CALCULATOARE
CALCULATOARE,STAȚII DE LUCRU (CALCULATOARE)
CALIFICĂRI PROFESIONALE,CALIFICĂRI PENTRU LOCUL DE MUNCĂ
CALIFICĂRI PROFESIONALE,CALIFICĂRI VOCAȚIONALE
CĂLUGĂRIȚE,MAICI
CANCER DE PIELE,MELANOM
CAPITALISM,SISTEME CAPITALISTE
CĂSĂTORII,CEREMONII MATRIMONIALE
CATOLICISM,CATOLICI
CATOLICISM,ROMANO CATOLICISM
CATOLICISM,ROMANO-CATOLICI
CATOLICISM,ROMANO-CATOLICISM
CAZURI JUDECĂTOREȘTI,PROCESE
CELIBAT,BURLĂCIE
CENTRE COMUNITARE,CĂMIN CULTURAL
CENTRE DE SĂNĂTATE,SĂLI DE SPORT
CENTRE MEDICALE,CENTRE CHIRURGICALE
CENTRE MEDICALE,CLINICI
CENTRE MEDICALE,SĂLI DE OPERAȚIE
CENTRE URBANE,CENTRUL ORAȘULUI
CERCETARE ȘI DEZVOLTARE,CERCETARE INDUSTRIALĂ
CERCETARE ȘI DEZVOLTARE,CERCETARE-DEZVOLTARE
CERCETARE ÎN DOMENIUL PLANULUI DE ÎNVĂȚĂMÂNT,CERCETAREA CURRICULEI
CERCETARE ȘTIINȚIFICĂ,CERCETARE TEHNOLOGICĂ
CERCETAREA AUDIENȚELOR,CERCETAREA AUDIENȚEI
CERCETAREA AUDIENȚELOR,CERCETAREA PUBLICURILOR
CERTIFICATE EDUCAȚIONALE,CALIFICARE EDUCAȚIONALĂ
CERTIFICATE EDUCAȚIONALE,CERTIFICAT DE FORMARE EDUCAȚIONALĂ
CERTIFICATE EDUCAȚIONALE,DIPLOMĂ EDUCAȚIONALĂ
CHELTUIALĂ PUBLICĂ,CHELTUIELI ADMINISTRATIVE
CHELTUIALĂ PUBLICĂ,TĂIERI ALE CHELTUIELILOR PUBLICE
CHELTUIELI CULTURALE,COSTURI CULTURALE
CHELTUIELI EDUCAȚIONALE,COSTURI EDUCAȚIONALE
CHELTUIELI PENTRU BUNĂSTARE SOCIALĂ,CHELTUIELI PENTRU BUNĂSTARE
CHIUL,ABSENTEISM NEMOTIVAT
CIUMĂ,CIUMĂ BUBONICĂ
CIUMĂ,CIUMĂ PNEUMONICĂ
CLĂDIRI ISTORICE,LISTA CLĂDIRILOR DIN ZONA ISTORICĂ A ORAȘELOR
CLĂDIRI PENTRU ACTIVITĂȚI RELIGIOASE,BISERICI
CLĂDIRI PENTRU ACTIVITĂȚI RELIGIOASE,CAPELE
CLĂDIRI PENTRU ACTIVITĂȚI RELIGIOASE,CATEDRALE
CLĂDIRI PENTRU ACTIVITĂȚI RELIGIOASE,CLĂDIRI ALE BISERICILOR
CLĂDIRI PENTRU ACTIVITĂȚI RELIGIOASE,LĂCAȘURI DE CULT
CLUBURI,CLUBURI SOCIALE
CLUBURI PENTRU VÂRSTNICI,CLUBURI PENTRU BĂTRÂNI
COLECȚII DE MUZEU,OBIECTE DE MUZEU
ȘCOLI CONFESIONALE,ȘCOLI BISERICEȘTI
ȘCOLI CONFESIONALE,ȘCOLI CATOLICE
ȘCOLI CONFESIONALE,ȘCOLI ISLAMICE
ȘCOLI CONFESIONALE,ȘCOLI PROTESTANTE
ȘCOLI CONFESIONALE,ȘCOLI RELIGIOASE
ȘCOLI CONFESIONALE,ȘCOLI TEOLOGICE
ȘCOLI DE STAT,ȘCOLI FINANȚATE DE STAT
ȘCOLI DE STAT,ȘCOLI PUBLICE
ȘCOLI DE TIP INTERNAT,ȘCOLI CU INTERNAT
ȘCOLI DE TIP INTERNAT,EDUCAȚIE DE TIP INTERNAT
ȘCOLI PENTRU PERSOANE CU DIZABILITĂȚI,ȘCOLI SPECIALE
COMERȚ ELECTRONIC,E-COMERȚ
COMERCIALIZARE,DISTRIBUȚIE
COMERCIALIZARE,MARKETING
COMERCIALIZARE,PROMOVAREA VÂNZĂRILOR
COMPANII,CORPORAȚII
COMPANII,SOCIETATE CU RESPONSABILITATE LIMITATĂ
COMPANII,SOCIETATE PE ACȚIUNI
COMPANII TRANSNAȚIONALE,COMPANII INTERNAȚIONALE
COMPANII TRANSNAȚIONALE,COMPANII MULTINAȚIONALE
COMPANII TRANSNAȚIONALE,ÎNTREPRINDERI INTERNAȚIONALE
COMPANII TRANSNAȚIONALE,ÎNTREPRINDERI MULTINAȚIONALE
COMPETENȚE DIDACTICE,COMPETENȚE PEDAGOGICE
COMPONENȚA AUDIENȚELOR,COMPONENȚA PUBLICULUI
COMPORTAMENT ANTISOCIAL,COMPORTAMENT DEVIANT
COMPORTAMENT MORAL,ACȚIUNI MORALE
COMPORTAMENT UMAN,COMPORTAMENT
COMPORTAMENT UMAN,CONDUITĂ
COMUNICAȚII PRIN TELEFONIE MOBILĂ,MESAJ SMS
COMUNICAȚII PRIN TELEFONIE MOBILĂ,MESAJ TEXT
COMUNICAȚII PRIN TELEFONIE MOBILĂ,MSG
COMUNICAȚII PRIN TELEFONIE MOBILĂ,SMS
COMUNICARE DE MASĂ,COMUNICARE ÎN MASĂ
COMUNISM,COMUNIȘTI
COMUNITĂȚI,COMUNITĂȚI LOCALE
COMUNITĂȚI,MEDIU COMUNITAR
CONCEPTE MORALE,BINE
CONCEPTE MORALE,RĂU
CONCURENȚĂ INTERNAȚIONALĂ,COMPETITORI STRĂINI
CONDIȚII CULTURALE,MODELE CULTURALE
CONDIȚII DE ANGAJARE A UNUI CADRU DIDACTIC,CONDIȚIILE DE MUNCĂ ALE UNUI CADRU DIDACTIC
CONDIȚII DE LOCUIT,CONDENS
CONDIȚII DE LOCUIT,DETERIORAREA CASELOR
CONDIȚII DE LOCUIT,IGRASIE
CONDIȚII DE LOCUIT,MUCEGAI
CONDIȚII DE LOCUIT,UMEZEAZĂ
CONDIȚII DE TRAI,CONDIȚTII DE VIAȚĂ
CONDIȚII ECONOMICE,MEDIU DE AFACERI
CONDUCERE,LEADERSHIP
CONDUCERE INDUSTRIALĂ,MANAGEMENT INDUSTRIAL
CONFERINȚE,CONGRESE
CONFERINȚE,CONVENȚII (CONFERINȚE)
CONFLICT DE CLASĂ,LUPTĂ DE CLASĂ
CONFLICT INTERPERSONAL,ABUZ VERBAL
CONFLICT INTERPERSONAL,CERTURI
CONFLICT INTERPERSONAL,NEÎNȚELEGERI
CONFLICT NUCLEAR,RĂZBOI NUCLEAR
CONFLICT RASIAL,CONFLICT ETNIC
CONFLICT RASIAL,CONFLICT INTER-ETNIC
CONFLICT RASIAL,MILITANȚI DE CULOARE
CONFLICT RASIAL,TENSIUNI ETNICE
CONFLICT RASIAL,TENSIUNI INTER-ETNICE
CONFLICT RASIAL,TENSIUNI INTER-RASIALE
CONFLICT RASIAL,VIOLENȚĂ INTER-RASIALĂ
CONFORMISM SOCIAL,NONCONFORMISM
CONFORMISM SOCIAL,NONCONFORMIȘTI
CONSILII DE ADMINISTRAȚIE (EDUCAȚIE),DECAN
CONSILII DE ADMINISTRAȚIE (EDUCAȚIE),DIRECTOR DE ȘCOALĂ
CONSILII DE ADMINISTRAȚIE (EDUCAȚIE),DIRECTOR DE LICEU
CONSILII DE ADMINISTRAȚIE (EDUCAȚIE),RECTOR
CONSULTANȚĂ FINANCIARĂ,CONSILIERE FINANCIARĂ
CONSUM DE ENERGIE,CONSUM DE CARBURANȚI
CONSUM DE ENERGIE ELECTRICĂ,CONSUM DE ELECTRICITATE
CONSUM DE ENERGIE ELECTRICĂ,CONSUMUL ENERGIEI ELECTRICE
CONTRACTE COLECTIVE,ÎNȚELEGERI SALARIALE
CONTRACTE DE MUNCĂ,CONTRACT DE ANGAJARE
CONTRIBUȚII PENTRU PENSII,CONTRIBUȚII LA FONDUL DE PENSII
CONTRIBUȚII PENTRU PENSII,CONTRIBUȚII PENTRU PENSIONARE
CONTRIBUȚII PENTRU PENSII,CONTRIBUȚIILE ANGAJAȚILOR
CONTRIBUȚII SOCIALE,CONTRIBUȚII DE ASIGURĂRI NAȚIONALE
CONTRIBUȚII SOCIALE,CONTRIBUȚII DE ASIGURĂRI SOCIALE
CONTROL ALIMENTAR,IGIENĂ ALIMENTARĂ
CONTROL ALIMENTAR,SIGURANȚĂ ALIMENTARĂ
CONTROL BUGETAR,BUGETARE
CONTROLUL DURERII,AMELIORAREA DURERII
CONVIEȚUIRE,COHABITARE
COOPERARE,COLABORARE
COOPERARE INTERNAȚIONALĂ,COLABORARE INTERNAȚIONALĂ
COOPERARE INTERNAȚIONALĂ,COLABORARE REGIONALĂ
COOPERARE INTERNAȚIONALĂ,COOPERARE REGIONALĂ
COOPERARE ȘTIINȚIFICĂ,COLABORARE ȘTIINȚIFICĂ
COOPERARE ȘTIINȚIFICĂ,COOPERARE TEHNOLOGICĂ
COOPERARE ȘTIINȚIFICĂ,COOPERARE ȘTIINȚIFICĂ INTENRAȚIONALĂ
COOPERARE ȘTIINȚIFICĂ,COPPERARE ÎN DOMENUL CERCETĂRII
COPII,COPIL
COPII ADOPTAȚI,COPII INFIAȚI
COPII DE ȘCOALĂ,ELEVI
COPII DE ȘCOALĂ,ELEVI DE ȘCOALĂ PRIMARĂ
COPII DE ȘCOALĂ,ELEVI DE GIMNAZIU
CORESPONDENȚĂ,POȘTĂ
CORUPȚIE,MITĂ
CREANȚE,DATORII
CREDINȚE RELIGIOASE,CREDINȚE SPIRITUALE
CREȘE ȘI GRĂDINIȚE CU PROGRAM DE ZI,SERVICII DE ÎNGRIJIRE A COPILULUI CU PROGRAM DE ZI
CREȘTINISM,CREȘTINI
CRITICĂ LITERARĂ,HERMENEUTICĂ
CRIZĂ ENERGETICĂ,DEFICIENȚĂ DE ENERGIE
CRIZĂ ENERGETICĂ,LIPSĂ DE ENRGIE
CULTURĂ,SISTEME CULTURALE
CULTURĂ DE MASĂ,CULTURĂ POPULARĂ
CUMPĂRĂTURI,COȘ DE CONSUM
CUMUL DE FUNCȚII,LOCURI DE MUNCĂ SECUNDARE
CUNOȘTINȚE DE VOCABULAR,FOLOSIREA VOCABULARULUI
CURȚI SUPREME DE JUSTIȚIE,ÎNALTA CURTE DE CASAȚIE ȘI JUSTIȚIE
CURȚILE UNIUNII EUROPENE,CURȚI ALE COMUNITĂȚII EUROPENE
CURSURI ÎN TEHNOLOGIA INFORMAȚIEI,INSTRUIRE ÎN TEHNOLOGIA INFORMAȚIEI
DANS,BALET
DANS,DANS MODERN
DANS,DANS SPORTIV
DATE ANTROPOMETRICE,DIMENSIUNI CORPORALE
DATE ANTROPOMETRICE,MĂSURĂTORI CORPORALE
DATE DE RECENSĂMÂNT,RECENSĂMINTE
DĂUNĂTORI ,PARAZIȚI
DECALAJ ÎNTRE GENERAȚII,CONFLICTUL DINTRE GENERAȚII
DECEDAȚI ÎN RĂZBOI,MORȚI ÎN RĂZBOI
DEFECTE,ANOMALII
DEFICIENȚE DE AUZ,DEFECTE AUDITIVE
DEFICIENȚE DE AUZ,DIZABILITĂȚI AUDITIVE
DEFICIENȚE DE AUZ,HANDICAP AUDITIV
DEFICIENȚE DE AUZ,PIERDERE AUDITIVĂ BILATERALĂ
DEFICIENȚE DE AUZ,PIERDERE AUDITIVĂ UNILATERALĂ
DEFICIENȚE SENZORIALE,HANDICAP SENZORIAL
DEFICIT DE UNITĂȚI LOCATIVE,LISTE DE AȘTEPTARE PENTRU LOCUINȚE
DEGRADAREA MEDIULUI,DETERIORAREA MEDIULUI
DEMENȚĂ SENILĂ,BOALA ALZHEIMER
DEPLASĂRI INTERNAȚIONALE,A CĂLĂTORI ÎN STRĂINĂTATE
DEPRIVARE PARENTALĂ,DEPRIVARE MATERNALĂ
DEPRIVARE PARENTALĂ,DEPRIVARE PATERNALĂ
DEPRIVARE PARENTALĂ,PĂRINȚI ABSENȚI
DEPRIVARE PARENTALĂ,PĂRINTE ABSENT
DERMATITĂ,ECZEME
DESCENDENȚI,DESCENDENȚI ADULȚI
DESCENDENȚI,FII
DESCENDENȚI,FIICE
DESFACEREA CĂSĂTORIEI,DESFACEREA PARTENERIATELOR CIVILE
DESFACEREA CĂSĂTORIEI,DISOLUȚIE CONJUGALĂ
DESFACEREA CĂSĂTORIEI,RUPEREA CĂSĂTORIEI
DESFACEREA CĂSĂTORIEI,SEPARARE MARITALĂ
DESFIINȚAREA AFACERILOR,LICHIDAREA AFACERILOR
DEVALORIZARE,DEPRECIERE
DEVALORIZARE MONETARĂ,DEVALORIZAREA BANILOR
DEZARMARE,DEZARMARE NUCLEARĂ
DEZAVANTAJ SOCIAL,DEPRIVARE SOCIALĂ
DEZINTEGRARE FAMILIALĂ,DEZINTEGRAREA FAMILIEI
DEZINTEGRARE FAMILIALĂ,FUGA DE ACASĂ
DEZINTEGRARE FAMILIALĂ,PROBLEME MARITALE
DEZVOLTARE,ÎMBUNĂTĂȚIRI
DEZVOLTARE AGRICOLĂ,ÎMBUNĂTĂȚIRI AGRICOLE
DEZVOLTARE DE SINE,DEZVOLTARE PERSONALĂ
DEZVOLTARE EDUCAȚIONALĂ,ÎMBUNĂTĂȚIREA EDUCAȚIEI
DEZVOLTARE EDUCAȚIONALĂ,PROGRES EDUCAȚIONAL
DEZVOLTARE FIZIOLOGICĂ,DEZVOLTARE FIZICĂ
DEZVOLTARE MENTALĂ,DEZVOLTARE INTELECTUALĂ
DEZVOLTARE SOCIO-ECONOMICĂ,DEZVOLTARE ECONOMICĂ
DEZVOLTARE SOCIO-ECONOMICĂ,DEZVOLTARE SOCIALĂ
DIETĂ ȘI NUTRIȚIE,DIETE
DIETĂ ȘI NUTRIȚIE,OBICEIURI DE NUTRIȚIE
DIETE MEDICALE,TERAPIE CU MINERALE
DIETE MEDICALE,TERAPIE CU VITAMINE
DIETE MEDICALE,TERAPIE PRIN NUTRIȚIE
DIFICULTĂȚI DE ÎNVĂȚARE,DIZABILITĂȚI DE ÎNVĂȚARE
DIFUZARE ȘI TRANSMISIE NAȚIONALĂ DE PROGRAME AUDIOVIZUALE,TVR
DIPLOMAȚIE,ACTIVITATE DIPLOMATICĂ
DISCRIMINARE PE BAZA ORIENTĂRII SEXUALE,HOMOFOBIE
DISCRIMINARE PE CRITERII LINGVISTICE,BARIERE LINGVISTICE
DISCRIMINARE PE CRITERII RELIGIOASE,PERSECUȚIE RELIGIOASĂ
DISCRIMINARE PE CRITERII RELIGIOASE,PREJUDECATĂ PE CRITERII RELIGIOASE
DISCRIMINARE RASIALĂ,INEGALITATE RASIALĂ
DISPEPSIE,INDIGESTIE
DISPOZITIVE OPTICE,APARATE OPTICE
DISTRIBUȚIA VENITURILOR,REDISTRIBUIREA VENITURILOR
DISTRUGERI,DAUNE INTENȚIONATE
DISTRUGERI,DISTRUGERE
DISTRUGERI,GRAFITTI
DISTRUGERI,VANDALISM
DIZABILITĂȚI,HANDICAP
DIZABILITĂȚI FIZICE,HANDICAP FIZIC
DOCTRINE RELIGIOASE,CONCEPTE RELIGIOASE
DOCTRINE RELIGIOASE,DIAVOLI
DOCTRINE RELIGIOASE,EDEN
DOCTRINE RELIGIOASE,IAD
DOCTRINE RELIGIOASE,PARADIS
DOCTRINE RELIGIOASE,ZEI
DOMENII DE STUDIU,SUBIECTE CURRICULARE
DONAȚII DE CARITATE,DONAȚII FILANTROPICE
DOVEZI,PROBE
DREPT DE PROPRIETATE, POSESIUNE ȘI FOLOSINȚĂ
DREPT DE PROPRIETATE, POSESIUNE ȘI FOLOSINȚĂ
DREPT DE PROPRIETATE, POSESIUNE ȘI FOLOSINȚĂ
DREPT LA INFORMAȚIE,LIBERTATEA INFORMĂRII
DREPT LA INFORMAȚIE,SECRET DE STAT
DREPTUL LA CONFIDENȚIALITATE,PROTECȚIA SURSELOR DE INFORMAȚIE
DREPTUL LA INTIMITATE,FOTOGRAFIERE NEAUTORIZATĂ
DREPTUL LA INTIMITATE,INVADAREA VIEȚII PRIVATE
DREPTUL LA INTIMITATE,PROTECȚIA DATELOR
DREPTUL LA PROPRIETATE,DREPT DE POSESIUNE ASUPRA PROPRIETĂȚII
DREPTURI PRIVIND ACCESUL PUBLIC,DREPT DE ACCES
DREPTURI PRIVIND ACCESUL PUBLIC,DREPTUL DE A CUTREIERA
DREPTURI PRIVIND ACCESUL PUBLIC,LIBERTATEA DE A CUTREIERA
ECHIPAMENT AGRICOL,MAȘINI AGRICOLE
ECHIPAMENT AUDIO,ECHIPAMENT DE SONORIZARE
ECHIPAMENT AUDIO,ECHIPAMENT DE SUNET
ECHIPAMENT AUDIO,ECHIPAMENT HI-FI
ECHIPAMENT DE PROTECȚIE,APARATE DE PROTECȚIE
ECHIPAMENT DE PROTECȚIE ÎN CAZ DE INCENDIU,DETECTOARE DE FUM
ECHIPAMENT DE PROTECȚIE ÎN CAZ DE INCENDIU,EXTINCTOARE
ECHIPAMENT DE PROTECȚIE ÎN CAZ DE INCENDIU,PĂTURĂ ANTIFOC
ECHIPAMENT DE PROTECȚIE PENTRU CAP,CĂȘTI DE BICICLETĂ
ECHIPAMENT DE PROTECȚIE PENTRU CAP,CĂȘTI DE PROTECȚIE
ECHIPAMENT MEDICAL ȘI CONSUMABILE,CONSUMABILE MEDICALE
ECHIPAMENT MEDICAL ȘI CONSUMABILE,ECHIPAMENT MEDICAL
ECHIPAMENT MEDICAL ȘI CONSUMABILE,ECHIPAMENT PENTRU TERAPIE
ECOLOGIE,BIOLOGIA MEDIULUI
ECOLOGIE,CONDIȚII ECOLOGICE
ECONOMIE,ECONOMIE POLITICĂ
ECONOMIE CULTURALĂ,ECONOMIA MUZEELOR
ECONOMIE DE PIAȚĂ,ANTREPRENORIAT LIBER
ECONOMIE DE PIAȚĂ,ECONOMIE PE PIAȚA LIBERĂ
ECONOMIE DE PIAȚĂ,FORȚELE PIEȚEI
ECONOMIE FUNCIARĂ,CUMPĂRĂRI DE TEREN
ECONOMIE FUNCIARĂ,ECONOMIA PROPRITĂȚILOR ȘI A TERENURILOR
ECONOMIE FUNCIARĂ,ECONOMIE IMOBILIARĂ
ECONOMIE FUNCIARĂ,VÂNZĂRI DE TEREN
ECONOMIE INFORMALĂ,ECONOMIE ASCUNSĂ
ECONOMIE INFORMALĂ,ECONOMIE NEAGRĂ
ECONOMIE INFORMALĂ,SECTOR INFORMAL
ECONOMIE INTERNAȚIONALĂ,FINAȚE INTERNAȚIONALE
ECONOMIE MONETARĂ,SISTEME MONETARE
EDUCAȚIA FEMEILOR,EDUCAȚIE PENTRU FEMEI
EDUCAȚIA FEMEILOR,EDUCAȚIE PENTRU FETE
EDUCAȚIE,PEDAGOGIE
EDUCAȚIE,ȘTIINȚE EDUCAȚIONALE
EDUCAȚIE CIVICĂ,EDUCAȚIE CETĂȚENEASCĂ
EDUCAȚIE FIZICĂ,ANTRENAMENT
EDUCAȚIE FIZICĂ,ANTRENAMENT FIZIC
EDUCAȚIE ÎN DOMENIUL PLANIFICĂRII FAMILIALE,EDUCAȚIE ÎN DOMENIUL CONTROLULUI FERTILITĂȚII
EDUCAȚIE ÎN DOMENIUL SĂNĂTĂȚII,EDUCAȚIE SANITARĂ
EDUCAȚIE ÎN DOMENIUL SERVICIILOR SOCIALE,EDUCAȚIE ÎN ASISTENȚĂ SOCIALĂ
EDUCAȚIE ÎN ȘTIINȚE NECESARE VIEȚII DE FAMILIE,EDUCAȚIE ÎN DOMENIUL ECONOMIEI DOMESTICE
EDUCAȚIE ÎN ȘTIINȚELE SOCIALE ȘI COMPORTAMENTALE,EDUCAȚIE ÎN ȘTIINȚE SOCIALE
EDUCAȚIE MEDICALĂ,FORMARE MEDICALĂ
EDUCAȚIE PE PARCURSUL VIEȚII,EDUCAȚIE CONTINUĂ
EDUCAȚIE PE PARCURSUL VIEȚII,EDUCAȚIE PE TIMPUL VIEȚII
EDUCAȚIE PENTRU PERSOANELE CU NEVOI SPECIALE,ÎNVĂȚĂMÂNT SPECIAL
EDUCAȚIE PENTRU PERSOANELE CU NEVOI SPECIALE,NEVOI SPECIALE ÎN EDUCAȚIE
EDUCAȚIE PENTRU PERSOANELE CU NEVOI SPECIALE,ORTOPEDAGOGIE
EDUCAȚIE PENTRU PERSOANELE CU NEVOI SPECIALE,PEDAGOGIE CURATIVĂ
EDUCAȚIE SEXUALĂ,INSTRUIRE SEXUALĂ
EDUCAȚIE STOMATOLOGICĂ,EDUCAȚIE PENTRU SERVICII STOMATOLOGICE
ȘEFI DE GUVERN,PREȘEDINTE DE GUVERN
ELECTROCASNICE,APARATE ELECTRICE
ELECTROCASNICE,ARAGAZURI
ELECTROCASNICE,CONGELATOARE
ELECTROCASNICE,FRIGIDERE
ELECTROCASNICE,MAȘINI DE SPĂLAT VASELE
ELEVI ȘI STUDENȚI CU NEVOI SPECIALE,ELEVI SAU STUDENȚI CU DIFICULTĂȚI DE ÎNVĂȚARE
EMBLEME,ARMURI
EMBLEME,HERALDICĂ
EMBLEME,STEAGURI
EMIGRARE,MIGRAȚIE EXTERNĂ
ENERGIA UNDELOR,ENERGIA VALURILOR
ENERGIE ELECTRICĂ,ELECTRICITATE
ENERGIE EOLIANĂ,TURBINE DE VÂNT
ENERGIE NUCLEARĂ,PUTERE ATOMICĂ
ENERGIE REGENERABILĂ,ENERGIE ALTERNATIVĂ
ETICĂ,ȘTIINȚĂ MORALĂ
ETICĂ PROFESIONALĂ,DEONTOLOGIE
EVALUARE,EVALUAREA PERFORMANȚEI
EVALUARE EDUCAȚIONALĂ,EVALUARE ACADEMICĂ
EVALUARE EDUCAȚIONALĂ,EVALUAREA STUDENTULUI
EVALUARE EDUCAȚIONALĂ,NOTARE EDUCAȚIONALĂ
EVALUARE EDUCAȚIONALĂ,PREDICȚIA SUCCESULUI (EDUCAȚIE)
EVALUAREA COMPETENȚEI,EVALUAREA ABILITĂȚILOR
EVALUAREA COMPETENȚEI,EVALUAREA CAPACITĂȚILOR
EVALUAREA SARCINILOR DE LUCRU,EVALUAREA PERFORMANȚEI ÎN MUNCĂ
EVENIMENTE CULTURALE,PRODUCȚII CULTURALE
EVENIMENTE MUZICALE,CONCERTE DE MUZICĂ CLASICĂ
EVENIMENTE MUZICALE,CONCERTE DE MUZICĂ MODERNĂ
EVENIMENTE MUZICALE,FESTIVALURI DE JAZZ
EVENIMENTE MUZICALE,FESTIVALURI DE MUZICĂ POPULARĂ
EVENIMENTE MUZICALE,FESTIVALURI DE MUZICĂ UȘOARĂ
EVITAREA PLĂTIRII IMPOZITELOR,EVAZIUNE FISCALĂ
EXAMINĂRI MEDICALE,SCREENING MEDICAL
EXERCIȚII FIZICE,ANTRENAMENT FIZIC (FITNESS)
EXPERIENȚĂ PROFESIONALĂ,EXPERIENȚA PE PIAȚA MUNCI
EXPERIENȚĂ PROFESIONALĂ,ISTORIA LOCURILOR DE MUNCĂ
EXPERIENȚĂ RELIGIOASĂ,ABJURARE
EXPERIENȚĂ RELIGIOASĂ,CONVERTIRE RELIGIOASĂ
EXPUNERE MASS MEDIA,EXPUNERE MEDIA
FECUNDITATE,INFERTILITATE
FEMEI,GEN FEMININ
FERICIRE,BUCURIE
FERICIRE,TRISTEȚE
FESTIVALURI,CARNAVAL
FESTIVALURI,FESTIVAL CULTURAL
FESTIVALURI,FESTIVAL RELIGIOS
FIȘA POSTULUI,DESCRIEREA POSTULUI
FILOSOFIA BUNĂSTĂRII SOCIALE,STATE ALE BUNĂSTĂRII
FINANȚARE PENTRU PROIECTE CULTURALE,SPONSORIZĂRI PENTRU PROIECTE CULTURALE
FINANȚARE PENTRU PROIECTE CULTURALE,TAXE DE INTRARE ÎN MUZEE
FINANȚE ÎN DOMENIUL EDUCAȚIONAL,FINANȚE ȘCOLARE
FINANȚE ÎN DOMENIUL EDUCAȚIONAL,FINANȚE EDUCAȚIONALE
FINANȚE ÎN DOMENIUL EDUCAȚIONAL,FINANȚE UNIVERSITARE
FINANȚE PENTRU CERCETARE,ECONOMIA CERCETĂRII
FITOGEOGRAFIE,DISTRIBUȚIA PLANTELOR
FITOGEOGRAFIE,GEOGRAFIA PLANTELOR
FITOPATOLOGIE,BOLILE PLANTELOR
FIZICĂ NUCLEARĂ,FIZICĂ ATOMICĂ
FIZICA PARTICULELOR,FIZICA PARTICULELOR ELEMENTARE
FLUCTUAȚII ECONOMICE,CICLURI ECONOMICE
FOBIE ȘCOLARĂ,REFUZ ȘCOLAR
FOBIE ȘCOLARĂ,TEAMA DE A MERGE LA ȘCOALĂ
FONDUL MONETAR INTERNAȚIONAL,FMI
FORȚĂ DE MUNCĂ,POPULAȚIE ACTIVĂ
FORȚE ARMATE,FORȚE MILITARE
FORMARE EDUCAȚIONALĂ,ULTIMA ȘCOALĂ ABSOLVITĂ
FORMARE PROFESIONALĂ,FORMARE LA LOCUL DE MUNCĂ
FORMARE PROFESIONALĂ,FORMARE VOCAȚIONALĂ
FOROGRAF AMATOR,FOTOGRAF ÎNCEPĂTOR
FRAȚI ȘI SURORI,FRAȚI
FRAȚI ȘI SURORI,SURORI
FRANCMASONERIE,LOJA FRANCMASONILOR
FRICĂ,PANICĂ
FRICĂ,TEAMĂ
FUNERALII,ÎNMORMÂNTĂRI
FUZIUNI,ACHIZIȚII ȘI FUZIUNI
FUZIUNI,PRELUĂRI DE AFACERI
GENEALOGIE,ARBORE GENEALOGIC
GENETICĂ,CERCETARE GENETICĂ
GENETICA PLANTELOR,CULTURI (PLANTE)
GENETICA PLANTELOR,REPRODUCEREA PLANTELOR
GESTIONAREA PĂDURILOR,DESPĂDURIRE
GESTIONAREA PĂDURILOR,MANAGEMENT FORESTIER
GESTIUNE FINANCIARĂ,ADMINISTRAȚIE FINANCIARĂ
GOSPODĂRII,COMPONENȚA GOSPODĂRIEI
GOSPODĂRII,DIMENSIUNEA GOSPODĂRIEI
GRADINI ZOOLOGICE,SAFARI
GRANTURI,ALOCAȚII
GRANTURI,FINANȚĂRI
GRANTURI EDUCAȚIONALE,BURSE SOCIALE
GRANTURI EDUCAȚIONALE,BURSE UNIVERSITARE
GRANTURI EDUCAȚIONALE,PREMII EDUCAȚIONALE
GRUPARE EDUCAȚIONALĂ,GRUPARE ȘCOLARĂ
GRUPARE EDUCAȚIONALĂ,GRUPARE UNIVERSITARĂ
GRUPURI DE DISCUȚIE,DISCUȚII DE GRUP
GRUPURI LINGVISTICE,FAMILII LINGVISTICE
GUVERN CENTRAL,GUVERN FEDERAL
GUVERN CENTRAL,GUVERN NAȚIONAL
HANDICAP INTELECTUAL,DIZABILITĂȚI INTELECTUALE
HANDICAP INTELECTUAL,DIZABILITĂȚI MENTALE
HANDICAP INTELECTUAL,DIZABILITATE MENTALĂ
HETEROSEXUALITATE,HETEROSEXUALI
HINDUISM,HINDUȘI
HIPNOTERAPIE,TERAPIE PRIN HIPNOZĂ
HIROTONIRE,HIROTONISIRE
HIROTONIREA FEMEILOR,HIROTONIA FEMEILOR
HIROTONIREA FEMEILOR,HIROTONISIREA FEMEILOR
HOMOSEXUALITATE,HOMOSEXUALI
HOMOSEXUALITATE FEMININĂ,LESBIANE
HOMOSEXUALITATE FEMININĂ,LESBIANISM
IDENTIFICAREA COMUNITĂȚII,INTEGRARE ÎN COMUNITATE
IDENTITATE CULTURALĂ,IDENTITATE ETNICĂ
IDENTITATE NAȚIONALĂ,CONȘTIINȚĂ NAȚIONALĂ
IDENTITATE PERSONALĂ,IMAGINE PROPRIE
IDENTITATE PERSONALĂ,PERCEPȚIA PROPRIEI PERSOANE
IDENTITATE SEXUALĂ,FEMINITATE
IDENTITATE SEXUALĂ,MASCULINITATE
IDEOLOGII,DOCTRINE
ÎMPRUMUT BANCAR,CREDIT
ÎNCHIDEREA AFACERILOR,ÎNCHIDEREA MINELOR DE CĂRBUNE
ÎNCHIDEREA AFACERILOR,ÎNCHIDERI DE FABRICI
ÎNCREDERE,A FI DEMN DE ÎNCREDERE
ÎNCREDERE,ADEVĂR
ÎNCREDERE,ONESTITATE
ÎNCREDERE INTERPERSONALĂ,ÎNCREDERE ÎN OAMENI
INDUSTRIA COMUNICĂRII ,MASS-MEDIA
ÎNȚELEGERE,COMPREHENSIUNE
INFECȚII CU VIRUSUL HIV,HIV
INFECȚII CU VIRUSUL HIV,VIRUSUL IMUNODEFICIENȚEI UMANE
INFIDELITATE,ADULTER
INFIDELITATE,SEX EXTRAMARITAL
INFIDELITATE,SEX EXTRA-MARITAL
INFORMAȚII PENTRU CONSUMATORI,ETICHETAREA ALIMENTELOR
INFORMAȚII PENTRU CONSUMATORI,INFORMAȚII DE PE AMBALAJ
INFRASTRUCTURĂ PENTRU CERCETARE,INFRASTRUCTURĂ TEHNOLOGICĂ
INGINERIA MEDIULUI,TEHNOLOGIA MEDIULUI
ÎNGRIJIRE DENTARĂ,ÎNGRIJIRE ORALĂ
ÎNGRIJIRE DIN PARTEA COMUNITĂȚII,ÎNGRIJIRE COMUNITARĂ
ÎNGRIJIREA BĂTRÂNILOR ÎN CENTRE REZIDENȚIALE,AZIL DE BĂTRÂNI
ÎNGRIJIREA BOLNAVILOR,ÎNGRIJIREA BOLNAVILOR ÎN STARE TERMINALĂ
ÎNGRIJIREA BOLNAVILOR ÎN CENTRE REZIDENȚIALE,CENTRE REZIDENȚIALE
ÎNGRIJIREA BOLNAVILOR ÎN CENTRE REZIDENȚIALE,ÎNGRIJIREA BOLNAVILOR ÎN STARE TERMINALĂ ÎN CENTRE REZIDENȚIALE
ÎNGRIJIREA BOLNAVILOR ÎN CENTRE REZIDENȚIALE,ÎNGRIJIREA ÎN OSPICIU
ÎNGRIJIREA LA DOMICILIU A COPIILOR,CASE DE COPII
ÎNGRIJIREA LA DOMICILIU A COPIILOR,ORFELINATE
ÎNGRIJIREA PERSOANELOR AFLATE ÎN ÎNTREȚINERE,DEPENDENȚI
INOVAȚII ȘTIINȚIFICE,INOVAȚII TEHNOLOGICE
ÎNSCRIERE,ÎNREGISTRARE ÎN SISTEMUL EDUCAȚIONAL
ÎNSCRIERE,ÎNSCRIERE ÎN SISTEMUL EDUCAȚIONAL
ÎNSCRIERE,ÎNSCRIERE LA ȘCOALĂ
ÎNSCRIERE,ÎNSCRIERE LA UNIVERSITATE
INSOLVENȚE,FALIMENT
INSTALAȚII PENTRU APĂ CURENTĂ,BĂI
INSTALAȚII PENTRU APĂ CURENTĂ,BAIE
INSTANȚE SPECIALE DE JUDECATĂ,TRIBUNALE
INSTITUȚII DE EDUCAȚIE VOCAȚIONALE,ȘCOLI VOCAȚIONALE
INSTITUȚII DE EDUCAȚIE VOCAȚIONALE,LICEE VOCAȚIONALE
INSTITUȚII DE ÎNVĂȚĂMÂNT SUPERIOR,FACULTĂȚI
INSTITUȚII DE ÎNVĂȚĂMÂNT SUPERIOR,UNIVERSITĂȚI
INSTITUȚII ȘI SISTEME EDUCAȚIONALE,ORGANIZAȚII EDUCAȚIONALE
INSTITUȚII PENTRU EDUCAREA ADULȚILOR,INSTITUȚII DE EDUCARE A ADULȚILOR
INSTITUȚII PENTRU EDUCAREA ADULȚILOR,SERAL
INSTRUCTORI DE SPORT,ANTRENORI SPORTIVI
INSTRUIRE ÎN DOMENIUL COAFURII ȘI AL SERVICIILOR DE ÎNFRUMUSEȚARE,EDUCAȚIE ÎN SERVICII DE FRUMUSEŢE ȘI COAFURĂ
INSTRUIRE ÎN DOMENIUL HOTELIER ȘI AL SERVICIILOR DE ALIMENTAȚIE PUBLICĂ,INSTRUIRE ÎN DOMENIUL HOTELIER ȘI CATERING
INSTRUIRE RELIGIOASĂ,EDUCAȚIE TEOLOGICĂ
INSTRUIRE RELIGIOASĂ,STUDII TEOLOGICE
INSULTĂ ȘI CALOMNIE,DEFĂIMARE
INTEGRARE,DESEGREGARE
INTEGRARE,SEGREGARE
INTEGRARE CULTURALĂ,ASIMILARE CULTURALĂ
INTEGRARE EDUCAȚIONALĂ,DESEGREGARE ȘCOLARĂ
INTEGRARE EDUCAȚIONALĂ,INTEGRARE ȘCOLARĂ
INTEGRARE EDUCAȚIONALĂ,SEGREGARE ȘCOLARĂ
INTEGRARE EDUCAȚIONALĂ,SEGREGARE EDUCAȚIONALĂ
INTEGRARE SOCIALĂ,ASIMILARE SOCIALĂ
INTERACȚIUNE CULTURALĂ,CONTACT CULTURAL
INTERCEPTAREA COMUNICAȚIILOR,INTERCEPTAREA CONVORBIRILOR TELEFONICE
INTERCEPTAREA COMUNICAȚIILOR,INTERCEPTAREA TELEFOANELOR
INTERES POLITIC,INTERESUL FAȚĂ DE POLITICĂ
INTERNĂRI,REGISTRATURI ALE SPITALELOR
INTERNET,WORLD WIDE WEB
INTERNET,WWW
ÎNTREȚINERE,INGINERIA MENTENANȚEI
ÎNTREȚINERE,REPARAȚII
ÎNTREȚINEREA DRUMURILOR, ȘOSELELOR ȘI CĂILOR DE ACCES
ÎNTREȚINEREA DRUMURILOR, ȘOSELELOR ȘI CĂILOR DE ACCES
ÎNTREȚINEREA VEHICULELOR RUTIERE,ÎNTREȚINEREA VEHICULELOR CU MOTOR
ÎNTREȚINEREA VEHICULELOR RUTIERE,SCHIMBAREA ULEIULUI
ÎNTREPRINDERI AGRICOLE,FERME
ÎNTREPRINDERI PUBLICE,CORPORAȚII DE STAT
ÎNTREPRINDERI PUBLICE,CORPORAȚII PUBLICE
ÎNTREPRINDERI PUBLICE,FIRME DE STAT
ÎNTREPRINDERI PUBLICE,ÎNTREPRINDERI DE STAT
ÎNTREPRINDERI PUBLICE,ÎNTREPRINDERI NAȚIONALIZATE
ÎNTREPRINDERI STRĂINE,FIRME STRĂINE
ÎNVĂȚĂMÂNT LA DISTANȚĂ,CURSURI LA DISTANȚĂ
ÎNVĂȚĂMÂNT LA DISTANȚĂ,CURSURI PRIN CORESPONDENȚĂ
ÎNVĂȚĂMÂNT LA DISTANȚĂ,FACULTATE LA DISTANȚĂ
ÎNVĂȚĂMÂNT UNIVERSITAR,ÎNVĂȚĂMÂNT SUPERIOR
ÎNVĂȚARE,PROCESE DE ÎNVĂȚARE
INVESTIGAȚII OFICIALE,ANCHETE OFICIALE
INVESTIȚII STRĂINE,CAPITAL STRĂIN
ISLAMISM,MUSULMANI
ISTORIE CIVILĂ,ISTORIE MARITALĂ
ISTORIE MEDIEVALĂ,EVUL MEDIU
ISTORIE MEDIEVALĂ,PERIOADA MEDIEVALĂ
ISTORIOGRAFIE,ANALIZĂ ISTORICĂ
ISTORIOGRAFIE,CERCETARE ISTORICĂ
ISTORIOGRAFIE,METODA ISTORICĂ
IUBIRE,AFECȚIUNE
IUDAISM,EVREI
IUDAISM,RELIGIA IUDAICĂ
IZOLARE SOCIALĂ,SINGURĂTATE
IZOLARE TERMICĂ,IZOLARE CU FERESTRE TERMOPAN
IZOLARE TERMICĂ,IZOLAREA MANSARDEI
IZOLARE TERMICĂ,IZOLAREA PEREȚILOR
IZOLAREA FONICĂ,FEREASTRĂ TERMOPAN
IZOLAREA FONICĂ,IZOLARE ACUSTICĂ
JOCURI CARE UTILIZEAZĂ RACHETE SAU PALETE,BADMINTON
JOCURI CARE UTILIZEAZĂ RACHETE SAU PALETE,SQUASH (SPORT)
JOCURI CARE UTILIZEAZĂ RACHETE SAU PALETE,TENIS
JOCURI CU MINGEA,BASCHET
JOCURI CU MINGEA,CRICKET
JOCURI CU MINGEA,FOTBAL
JOCURI CU MINGEA,GOLF
JOCURI CU MINGEA,HOCKEY
JOCURI CU MINGEA,POPICE
JOCURI DE NOROC ȘI PARIURI,PARIURI SPORTIVE
LABORATOARE EDUCAȚIONALE,LABORATOARE ȘCOLARE
LABORATOARE EDUCAȚIONALE,LABORATOARE DIN LICEE
LABORATOARE EDUCAȚIONALE,LABORATOARE LINGVISTICE
LACĂTE,ÎNCUIETORI
LECTURĂ (ACTIVITATE),A CITI
LECTURĂ (ACTIVITATE),A LECTURA
LEGISLATURĂ,CORP LEGISLATIV
LIBER ARBITRU,VOINȚĂ
LIBERTATEA MEDIULUI ACADEMIC,LIBERTATEA CERCETĂRII
LIBERTATEA MEDIULUI ACADEMIC,LIBERTATEA UNIVERSITĂȚILOR
LICHIDITATE,FONDURI LICHIDE
LIMBA MATERNĂ,LIMBA MINORITĂȚII ETNICE
LIMBA MATERNĂ,LIMBA MINORITĂȚII INDIGENE
LIMBA MATERNĂ,LIMBA MINORITĂȚII NAȚIONALE
LIMBA MATERNĂ,LIMBA MINORITĂȚII REGIONALE
LIMBA MATERNĂ,LIMBA OFICIALĂ A MINORITĂȚII
LIMBAJ NONVERBAL,LIMBAJ PRIN SEMNE
LIMBAJ NONVERBAL,LIMBAJUL SEMNELOR
LIMITE DE TEREN,GRANIȚE DE TEREN
LIPSĂ DE ALIMENTE,LIPSA HRANEI
LOCALURI PUBLICE,BARURI
LOCALURI PUBLICE,TAVERNE
LOCUINȚE SOCIALE,ADĂPOSTURI PENTRU SĂRACI
LOCUIRE,CAZARE
LOCUIRE,GĂZDUIRE
LOCUL CONTROLULUI,LOCUS AL CONTROLULUI
LOCUL NAȘTERII,ȚARA DE ORIGINE
LOGOPEDIE,TERAPIA TULBURĂRILOR DE LIMBAJ
LOTERII,LOTERIA NAȚIONALĂ
LUCRU DE DUMINICĂ,MUNCĂ DE DUMINICĂ
MAGAZINE,FACILITĂȚI PENTRU MAGAZINE
MAGAZINE MARI,HIPERMARKETURI
MAGAZINE MARI,SUPERMARKETURI
MÂNĂ DE LUCRU INFANTILĂ,MÂNA DE LUCRU A COPIILOR
MANAGEMENTUL AFACERILOR,MANAGEMENTUL ÎNTREPRINDERILOR
MANAGERI,PERSONALUL EXECUTIV
MARINARI,NAVIGATORI
MARINARI,PERSONAL MARITIM NAVIGANT
MĂSURI DE PROTECȚIE ȘI SIGURANȚĂ,PROCEDURI DE SECURITATE
MĂSURI DE PROTECȚIE ȘI SIGURANȚĂ,PROCEDURI DE SIGURANȚĂ
MATERIALE DE CITIT,MATERIALE DE LECTURĂ
MATERIALE DIDACTICE,MATERIALE EDUCAȚIONALE
MĂȘTI DE PROTECȚIE,MĂȘTI PENTRU GAZ
MEDICAMENTE ȘI DROGURI ILEGALE,MEDICAMENTE CLASIFICATE
MEDICAMENTE ȘI DROGURI ILEGALE,MEDICAMENTE CONTROLATE
MEDICAMENTE ȘI DROGURI ILEGALE,MEDICAMENTE NEAUTORIZATE
MEDICI CHIRURGI VETERINARI,VETERINARI
MEDICI GENERALIȘTI,MEDICI DE FAMILIE
MEDICI SPECIALIȘTI,MEDICI EXPERȚI
MEDICINĂ NATURISTĂ,NATUROPATIE
MEDIU EDUCAȚIONAL,MEDIU ȘCOLAR
MEDIU EDUCAȚIONAL,MEDIU DE ÎNVĂȚARE
MEMBRII AI FAMILIEI,RUDE
METODE DE CONTRACEPȚIE,CONTRACEPȚIE
MIȘCARE SOCIALĂ MUNCITOREASCĂ,MIȘCAREA SOCIALĂ A FORȚEI DE MUNCĂ
MIȘCĂRI DE ELIBERARE,MIȘCARE DE ELIBERARE A ANIMALELOR
MIȘCĂRI DE ELIBERARE,MIȘCARE DE ELIBERARE A HOMOSEXUALILOR ȘI LESBIENELOR
MIȘCĂRI SOCIALE ÎMPOTRIVA RĂZBOIULUI,MIȘCĂRI SOCIALE ANTI-RĂZBOI
MIGRAȚIE URBAN-RURAL,CONTRA-URBANIZARE
MIJLOACE CONTRACEPTIVE,ANTICONCEPȚIONALE
MIJLOACE CONTRACEPTIVE,BURETE CONTRACEPTIV
MIJLOACE CONTRACEPTIVE,CAPAC CONTRACEPTIV
MIJLOACE CONTRACEPTIVE,CONTRACEPTIVE HORMONALE
MIJLOACE CONTRACEPTIVE,CONTRACEPTIVE ORALE
MIJLOACE CONTRACEPTIVE,DIAFRAGME CONTRACEPTIVE
MIJLOACE CONTRACEPTIVE,IMPLANTURI CONTRACEPTIVE CHIRURGICALE
MIJLOACE CONTRACEPTIVE,INJECȚII CONTRACEPTIVE
MIJLOACE CONTRACEPTIVE,PASTILE CONTRACEPTIVE
MIJLOACE CONTRACEPTIVE,PILULA DE A DOUA ZI
MIJLOACE CONTRACEPTIVE,SPERMICIDE
MIJLOACE CONTRACEPTIVE,STERILET
MIROSURI,POLUARE OLFACTIVĂ
MITURI,MITOLOGIE
MOBILITATE DE DOMICILIU,DURATA REZIDENȚEI 
MOBILITATE DE DOMICILIU,ISTORIC REZIDENȚIAL
MOBILITATE FIZICĂ,MOBILITATE LIMITATĂ
MOBILITATE FIZICĂ,MOBILITATE RESTRICTIVĂ
MODĂ,CASE DE MODĂ
MODĂ,COSTUME
MODĂ,HAINE
MODĂ,ÎMBRĂCĂMINTE
MONITORIZAREA DE POLITICI,EVALUARE DE POLITICI PUBLICE
MONUMENTE,MONUMENTE ISTORICE
MORTALITATE,NUMĂRUL DE MORȚI
MORTALITATE MATERNĂ,MORTALITATE LA NAȘTERE
MOȘTENIRE CULTURALĂ,PROPRIETATE CULTURALĂ
MUNCĂ (RESURSĂ),MUNCĂ FIZICĂ
MUNCĂ (RESURSĂ),MUNCĂ INTELECTUALĂ
MUNCĂ (RESURSĂ),MUNCĂ MENTALĂ
MUNCĂ SEZONIERĂ,OCUPAȚIE SEZONIERĂ
MUNCITORI NEPLĂTIȚI,LUCRĂTORI FAMILIALI NEREMUNERAȚI
NAȚIONALIZARE,CONTROLUL STATULUI ASUPRA INDUSTRIEI
NAȚIONAL-SOCIALISM,NAZISM
NATALITATE,NUMĂRUL NAȘTERILOR
NAȘTERI ILEGITIME,NAȘTERI NELEGITIME
NAȘTERI MULTIPLE,GEMENI
NAȘTERI MULTIPLE,TRIPLEȚI
NAȘTERI PREMATURE,TRAVALIU PREMATUR
NATO,ORGANIZAȚIA TRATATULUI NORD-ATLANTIC
NATURĂ SĂLBATICĂ,VIAȚĂ SĂLBATICĂ
NAVE,VAPOARE
NEGLIJENȚĂ MEDICALĂ,ERORI MEDICALE
NEGLIJENȚĂ MEDICALĂ,GREȘELI MEDICALE
NEMURIRE,IMORTALITATE
NEMURIRE,VIAȚĂ DE APOI
NEVOI PRIMARE,NEVOI DE BAZĂ
NIVEL DE TRAI,STANDARD DE VIAȚĂ
NOMAZI,ȚIGANI
NOMAZI,ȚIGANI NOMAZI
NOMAZI,NOMAZI NEW AGE
NOROC,ȘANSĂ
NOROC,PROCES ALEATOR
NUMIRE ÎN FUNCȚIE,ÎNCADRARE ÎN MUNCĂ
NUPȚIALITATE,NUMĂRUL CĂSĂTORIILOR
OBEDIENȚĂ,DOCILITATE
OBICEIURI LA CĂSĂTORIE,CĂSĂTORIA VERILOR
OBICEIURI LA CĂSĂTORIE,EXOGAMIE
OBICEIURI LA CĂSĂTORIE,OBICEIURI MARITALE
OBICEIURI LA CĂSĂTORIE,POLIGAMIE
OBLIGAȚII,DATORIE
OBLIGAȚII,ÎNDATORIRE
OBSTRUCȚIONAREA ACTIVITĂȚILOR POLIȚIEI,OBSTRUCȚIONAREA INVESTIGAȚIILOR POLIȚIENEȘTI
OCUPAȚII PROFESIONALE,OCUPAȚII LIBER ALESE
OFENSE,PREJUDICII
OMBUDSMEN,AVOCATUL POPORULUI
OMBUDSMEN,MEDIATOR INTERN
OMBUDSMEN,OMBUDSMAN
OMUCIDERE,OMOR
OPORTUNITĂȚI EDUCAȚIONALE,OFERTĂ EDUCAȚIONALĂ
OPORTUNITĂȚI EDUCAȚIONALE,OPORTUNITĂȚI DE ANTRENAMENT
OPOZIȚIE POLITICĂ,PROTEST POLITIC
OPTIMISM,PESIMISM
ORDINE,DISPOZIȚII
ORGANIZAȚII PRIVATE DE VOLUNTARIAT,ONG-URI
ORIENTARE SEXUALĂ,LGBT
ORTODOXIE,BISERICA ORTODOXĂ GREACĂ
ORTODOXIE,BISERICA ORTODOXĂ RUSĂ
ORTODOXIE,RELIGIA ORTODOXĂ GREACĂ
ORTODOXIE,RELIGIA ORTODOXĂ RUSĂ
PACHETE DIDACTICE,BAZE DE DATE DIDACTICE
PARALIZIE CEREBRALĂ,AFECȚIUNI SPASTICE
PARALIZIE CEREBRALĂ,TULBURĂRI SPASTICE
PARTENERIATE (AFACERI),PARTENERIA DE AFACERI
PARTENERIATE ECONOMICE,CONVENȚII ECONOMICE
PARTICIPARE CULTURALĂ,PARTICIPAREA LA ACTIVITĂȚI CULTURALE
PARTICIPARE CULTURALĂ,TOLERANȚĂ CULTURALĂ
PARTICIPARE STUDENȚEASCĂ,PARTICIPAREA ELEVILOR
PARTICULARITĂȚI ALE LOCULUI DE MUNCĂ,CARACTERISTICI ALE LOCULUI DE MUNCĂ
PĂRTINIRE ÎN MASS MEDIA,AFILIEREA MASS MEDIEI
PĂRTINIRE ÎN MASS MEDIA,CRITICA ÎN MASS MEDIA
PĂRTINIRE ÎN MASS MEDIA,SUSȚINERE MASS MEDIA
PATINAJ,PATINAJ CU PATINE CU ROLE
PATINAJ,PATINAJ PE GHEAȚĂ
PEDEAPSĂ CU ÎNCHISOAREA PE TERMEN LUNG,ÎNCARCERARE PE TERMEN LUNG
PEDEPSE ȘCOLARE,EXMATRICULARE
PEDEPSE ȘCOLARE,PEDEPSE CORPORALE
PEDEPSE ȘCOLARE,REPETENȚIE
PEDEPSE ȘCOLARE,SUSPENDARE
PEDEPSE NEPRIVATIVE DE LIBERTATE,PEDEPSE NONCUSTODIALE
PEDEPSE PRIVATIVE DE LIBERTATE,SENTINȚE DE ÎNCARCERARE
PEDICHIURĂ,CHIROPODIE
PENSII DE STAT,PENSII DE STAT PENTRU VÂRSTNICI
PENSII OCUPAȚIONALE,SCHEME DE PENSII ALE COMPANIILOR
PENSII OCUPAȚIONALE,SCHIME DE PENSII ALE ANGAJAȚILOR
PENSII PERSONALE PRIVATE,SCHEME PERSONALE DE PENSII
PENSIONARE,PENSIONARI
PENSIONARE,PERSOANE PENSIONATE
PERCEPȚIE,PROCESE PERCEPTUALE
PERCEPȚIE EXTRASENZORIALĂ,CLARVĂZĂTORI
PERCEPȚIE EXTRASENZORIALĂ,DEJA VU
PERIOADĂ DE ȘCOLARIZARE,TIMP PETRECUT LA ȘCOALĂ
PERSOANA CU VENITUL CEL MAI MARE DIN GOSPODĂRIE,
PERSOANA CU VENITUL CEL MAI MARE DIN GOSPODĂRIE,PERSOANĂ CARE ÎNTREȚINE PRIN VENIT ÎNTREAGA FAMILIE
PERSOANE CARE SUPRAVEGHEAZĂ COPII,BONE
PERSOANE SĂRACE,SĂRACI
PERSONAL DE RADIO ȘI TELEVIZIUNE,PERSONAL DE TELEVIZIUNE
PERSONAL DE RADIO ȘI TELEVIZIUNE,PERSONAL RADIO
PERSONAL PARAMEDICAL,PARAMEDIC
PERSONAL ȘTIINȚIFIC,PERSONAL ÎN DOMENIUL ȘTIINȚIFIC ȘI TEHNIC
PERSONALITATE,CARACTER
PIEȚE FINANCIARE,BURSA DE VALORI
PIEȚE FINANCIARE,PIAȚĂ DE CAPITAL
PIEȚE FINANCIARE,PIAȚĂ MONETARĂ
PLĂCI DENTARE,DINȚI FALȘI
PLAN DE ÎNVĂȚĂMÂNT,CURRICULUM
PLURALISM CULTURAL,DIFERENȚIERE CULTURALĂ
PLURALISM CULTURAL,DIVERSITATE CULTURALĂ
PLURALISM CULTURAL,DIVERSITATE DE CULTURI
PLURALISM CULTURAL,MULTICULTURALISM
POJAR,RUBEOLĂ
POLITICĂ,ȘTIINȚE POLITICE
POLITICA ADMINISTRAȚIILOR LOCALE,POLITICA AUTORITĂȚII LOCALE
POLITICA ADMINISTRAȚIILOR LOCALE,POLITICA MUNICIPALITĂȚII
POLITICĂ AGRICOLĂ,POLITICA AGRICOLĂ COMUNĂ
POLITICĂ INTERNĂ,POLITICĂ LOCALĂ
POLITICĂ SALARIALĂ,CONTROL SALARIAL
POLITICĂ SALARIALĂ,CONTROLUL SALARIILOR
POLITICĂ SALARIALĂ,ÎNGHEȚAREA SALARIILOR
POLITICĂ VAMALĂ,CONTROL VAMAL
POLUARE,CONTAMINARE
POLUARE CU PETROL,POLUARE PETROLIERĂ
POLUARE INDUSTRIALĂ,POLUARE CHIMICĂ
POPULAȚII INDIGENE,NATIVI
POPULAȚII INDIGENE,POPULAȚIA ABORIGENĂ
POSESIE ASUPRA LOCUINȚEI,PROPRIETATE OCUPATĂ CU CHIRIE
POȘTĂ ELECTRONICĂ,EMAIL
POȘTĂ ELECTRONICĂ,E-MAIL
POTECI,CĂRĂRI
POTECI,TRASEE MONTANE
POTECI,TRASEE TURISTICE
PREGĂTIRE,MEDITAȚII
PREMII,RECOMPENSE
PRESCRIPȚII MEDICALE,RECOMANDARE MEDICALĂ
PREZICEREA VIITORULUI,GHICIT
PREZIDENȚIE,PREȘEDINȚIE
PRIZONIERI,DEȚINUȚI
PROBLEME DE SĂNĂTATE,SĂNĂTATE PRECARĂ
PROCES DE COMUNICARE,CANALE DE COMUNICARE
PROCESE COGNITIVE,CARACTERISTICI PSIHOLOGICE
PROCESE COGNITIVE,COGNIȚIE
PROCESE COGNITIVE,PROCESE DE GÂNDIRE
PROCESE COGNITIVE,PROCESE MENTALE DE NIVEL ÎNALT
PROCESE MOTORII,ABILITĂȚI PSIHOMOTORII
PROCESE MOTORII,CAPACITĂȚI MOTORII
PROCESE MOTORII,COORDONARE FIZICĂ
PRODUCTIVITATE,PERFORMANȚĂ INDUSTRIALĂ
PRODUCTIVITATE,PRODUCTIVITATE INDUSTRIAL
PRODUS INTERN BRUT,PIB
PROFESII,PERSONAL DUPĂ OCUPAȚIE
PROFESII,PERSONAL DUPĂ PROFESIE
PROFESII DIN DOMENIUL COMUNICĂRII,PERSONAL DIN DOMENIUL COMUNICĂRII
PROFITURI,PROFITABILITATE
PROGRAME PENTRU CALCULATOR,SOFT
PROGRAME PENTRU CALCULATOR,SOFTWARE
PROGRAME SOCIALE,PROGRAME DE BUNĂSTARE SOCIALĂ
PROGRES ȘTIINȚIFIC,REVOLUȚIA TEHNICO-ȘTIINȚIFICĂ
PROIECTARE DEMOGRAFICĂ,PROGNOZĂ DEMOGRAFICĂ
PROPRIETĂȚILE APEI,CALITATEA APEI
PROPRIETĂȚILE APEI,CALITATEA APEI POTABILE
PROPRIETĂȚILE APEI,DURITATEA APEI
PROPRIETARI DE MAGAZIN,NEGUSTORI
PROPRIETARI DE MAGAZIN,PATRONI
PROTECȚIA CONSUMATORILOR,ASOCIAȚII ALE COSUMATORILOR
PROTECȚIA CONSUMATORILOR,CONSILII CONSULTATIVE
PROTECȚIE ȘI SIGURANȚĂ,SECURITATE
PROTECȚIE ȘI SIGURANȚĂ,SIGURANȚĂ
PROTEJAREA MEDIULUI,PROTECȚIA MEDIULUI
PROTEJAREA RESURSELOR,CONSERVAREA RESURSELOR NATURALE
PROTEST,DEMONSTRAȚIE
PROTEST SOCIAL,BOICOT
PROTESTANTISM,PROTESTANȚI
PSIHOLOGIE SOCIALĂ,SOCIOPSIHOLOGIE
PSIHOTERAPIE,TRATAMENT PSIHIATRIC
PUBLICAȚII PERIODICE,PRESĂ PERIODICĂ
PUBLICITATE,RECLAMĂ
PUBLICITATE PE INTERNET,PUBLICITATE ONLINE
PUBLICITATE PE INTERNET,RECLAME PE INTERNET
PUBLICITATE RADIO,RECLAMĂ RADIO
PUBLICITATE TELEVIZATĂ,RECLAMĂ TELEVIZATĂ
RĂCEALĂ COMUNĂ,GUTURAI
RADIO,TRANSMISIUNE RADIO
RANG AL NĂSCUTULUI VIU,ORDINEA NAȘTERILOR
RĂZBOI CIVIL,RĂZBOI INTERN
REACȚIA AUDIENȚELOR,REACȚIA PUBLICULUI
REALIZARE,REUȘITĂ
RECIDIVISM,RECIDIVĂ
RECRUTARE INTERNAȚIONALĂ,RECRUTARE PESTE GRANIȚELE ȚĂRII DE ORIGINE A PERSONALULUI
REȚELE DE COMUNICAȚII,REȚELE DE TELECOMUNICAȚII
REȚELE DE TELEFONIE MOBILĂ,SERVICII DE TELEFONIE MOBILĂ
REFORMĂ FUNCIARĂ,REFORMĂ AGRARĂ
REFORMĂ LEGISLATIVĂ,REFORMĂ JUDICIARĂ
REGISTRE EDUCAȚIONALE,CALENDARE UNIVERSITARE
REGISTRE EDUCAȚIONALE,FOI MATRICOLE
REGISTRE EDUCAȚIONALE,RAPOARTE ȘCOLARE
REGISTRE EDUCAȚIONALE,REGISTRE UNIVERSITARE
REGIUNE RURALĂ,PROVINCIE
REGIUNI DE TELEVIZIUNE,ZONE DE TELEVIZIUNE
RELAȚIA CADRU DIDACTIC-ELEV/STUDENT,RELAȚIA ELEV-CADRU DIDACTIC
RELAȚIA CADRU DIDACTIC-ELEV/STUDENT,RELAȚIA PROFESOR-STUDENT
RELAȚIA CADRU DIDACTIC-ELEV/STUDENT,RELAȚIA STUDENT-PROFESOR
RELAȚIA ELEV-ȘCOALĂ,RELAȚIA ȘCOALĂ-ELEV
RELAȚII DE MUNCĂ,RELAŢII INDUSTRIALE
RENUNȚARE LA FUMAT,GUMĂ DE MESTECAT CU NICOTINĂ
REPARTIȚII,ALOCĂRI DE PĂMÂNT
REPREZENTANȚI AI CULTELOR RELIGIOASE,PASTORI
REPREZENTANȚI AI CULTELOR RELIGIOASE,PREOȚI
REPREZENTANȚI AI CULTELOR RELIGIOASE,RABINI
REPREZENTANȚI AI CULTELOR RELIGIOASE,VICARI
REPRODUCERE CONTROLATĂ LA ANIMALE,REPRODUCERE CONTROLATĂ LA ANIMALE ȘI PĂSĂRI
RESPONSABILITĂȚI CASNICE,RUTINĂ DOMESTICĂ
RESPONSABILITĂȚI CASNICE,STRATEGII DE MUNCĂ ÎN GOSPODĂRIE
RESPONSABILITĂȚI DE STAT,RESPONSABILITATE GUVERNAMENTALĂ
RESTAURANTE,CAFENELE
RESTAURANTE,TERASE
RESTAURARE URBANĂ,REGENERARE URBANĂ
RESTRICȚII PENTRU FUMĂTORI,ZONE PENTRU NEFUMĂTORI
RESURSE FINANCIARE,DIFICULTĂȚI FINANCIARE
RESURSE FINANCIARE,SITUAȚII FINANCIARE
REZERVE NATURALE,SANCTUARII DE PĂSĂRI
REZERVOARE,BAZINE
RISC,PERCEPȚIA RISCULUI
RITURI,RITUALURI
RITURI,RITUALURI DE INIȚIERE
RITURI,RITURI DE INIȚIERE
SALARII,CÂȘTIGURI
SALARII,PLĂȚI SALARIALE
SALARII,RECOMPENSE SALARIALE
SALARII,REMUNERAȚIE
SALARII,REMUNERARE
SALARIU MIC,REMUNERARE SCĂZUTĂ
SALVARE MARITIMĂ,BĂRCI DE SALVARE
SĂNĂTATE DENTARĂ,SĂNĂTARE ORALĂ
SANCȚIUNI SOCIALE,CONTROL SOCIAL
SANCȚIUNI SOCIALE,SANCȚIUNI SOCIALE NEGATIVE
SĂRĂCIE,NIVEL DE SĂRĂCIE
SCHIMBARE ATITUDINALĂ,SCHIMBARA OPINIEI
SCHIMBARE CULTURALĂ,EVOLUȚIE CULTURALĂ
SCHIMBARE POLITICĂ,DEZVOLTARE POLITICĂ
SCHIMBARE POLITICĂ,REFORMĂ POLITICĂ
SCHIMBARE TEHNOLOGICĂ,DEZVOLTARE TEHNOLOGICĂ
SCHIMBARE TEHNOLOGICĂ,NOI TEHNOLOGII
SCLAVIE,COMERȚ CU SCLAVI
SCLAVIE,PROPRIETARI DE SCLAVI
SECURITATE DE STAT,SECURITATE STATALĂ
SECURITATE SOCIALĂ,SIGURANȚĂ SOCIALĂ
SECURITATE SOCIALĂ,SISTEME DE SECURITATE SOCIALĂ
SEGREGARE RASIALĂ,APARTHEID
SEGREGARE RASIALĂ,GHETOURI
SEGREGARE RASIALĂ,INTEGRARE RASIALĂ
SELECȚIE DE PERSONAL,PROCEDURI DE SELECȚIE A PERSONALULUI
SERVICII CONSULARE,SERVICII DIPLOMATICE
SERVICII DE ALIMENTARE CU APĂ (CLĂDIRI),ALIMENTARE CU APĂ CALDĂ
SERVICII DE ALIMENTARE CU APĂ (CLĂDIRI),SERVICII DE ALIMENTARE CU APĂ POTABILĂ
SERVICII DE AMBULANȚĂ,AMBULANȚE
SERVICII DE SĂNĂTATE ÎN UNITĂȚI PRIVATE,SERVICII DE SĂNĂTATE PRIVATE
SERVICII SPITALICEȘTI,SPITALE
SERVICIUL DE RELAȚII CU CLIENȚI,SERVICIUL PENTRU CLIENȚI
SFATURI MEDICALE,INFORMARE DESPRE SĂNĂTATE
SFATURI MEDICALE,PREVENIREA BOLILOR
SFATURI MEDICALE,SFATUL MEDICULUI
SIGURANȚĂ DOMESTICĂ,SIGURANȚA DOMICILIULUI
SIGURANȚĂ PROFESONALĂ,SECURITATE INDUSTRIALĂ
SIGURANȚĂ PROFESONALĂ,SIGURANȚA ȘI SĂNĂTATEA LA LOCUL DE MUNCĂ
SIKHISM,SIKHI
SINUCIDERE,SUICID
SISTEM CARDIOVASCULAR,SISTEM CIRCULATOR
SISTEM DIGESTIV,SISTEM GASTROINTESTINAL
SISTEM LOCOMOTOR,SISTEM MUSCULO-SCHELETIC
SISTEM NERVOS,SISTEM NEUROLOGIC
SISTEM ZECIMAL,SISTEM DECIMAL
SISTEME DE ALARMĂ,ALARME ANTIEFRACȚIE
SISTEME DE ALARMĂ PENTRU ASISTENȚĂ,ALARMĂ PERSONALĂ
SISTEME DE SIGURANȚĂ ALE VEHICULELOR,CENTURI DE SIGURANȚĂ
SISTEME DE SUPRAVEGHERE,SISTEM DE SUPRAVEGHERE CU CAMERĂ VIDEO
SISTEME DE TIMP,SISTEME TEMPORALE
SOCIALISM,SOCIALIȘTI
SOCIOLOGIE RURALĂ,SOCIETATE RURALĂ
SOCIOLOGIE RURALĂ,VIAȚĂ RURALĂ
SOCIOLOGIE URBANĂ,SOCIETATE URBANĂ
SOCIOLOGIE URBANĂ,VIAȚĂ URBANĂ
SOȚI SAU SOȚII,PARTENER (PERSONAL)
SOȚI SAU SOȚII,SOȚ
SOȚI SAU SOȚII,SOȚI
SOȚI SAU SOȚII,SOȚIE
SOLUȚIONAREA CONFLICTULUI,MEDIEREA CONFLICTELOR
SOLUȚIONAREA PLÂNGERILOR,PLÂNGERI
SONDAJE LA IEȘIREA DE LA URNE,EXITPOLURI
SPERJUR,MĂRTURIE MINCINOASĂ
SPORTURI AERIENE,PARAȘUTISM
SPORTURI AERIENE,PLANORISM
SPORTURI AERIENE,ZBOR CU PARAPANTA
SPORTURI COMBATIVE,ARTE MARȚIALE
SPORTURI COMBATIVE,AUTOAPĂRARE
SPORTURI COMBATIVE,BOX
SPORTURI COMBATIVE,JUDO
SPORTURI COMBATIVE,LUPTE CORP LA CORP
SPORTURI COMBATIVE,LUPTE GRECO-ROMANE
SPORTURI CU MOTOR,AUTOMOBILISM (SPORT)
SPORTURI CU MOTOR,MOTOCICLISM (SPORT)
SPORTURI DE IARNĂ,SPRTURI PE GHEAȚĂ
SPORTURI DE INTERIOR,DARTS
SPORTURI DE INTERIOR,JOC DE POPICE
SPORTURI ECVESTRE,ECHITAȚIE
SPORTURI SÂNGEROASE,CORIDĂ
SPORTURI SÂNGEROASE,VÂNĂTOARE
STABILIREA SALARIILOR,VARIAȚII SALARIALE REGIONALE
STATISTICĂ DEMOGRAFICĂ,DATE DEMOGRAFICE
STATISTICĂ DEMOGRAFICĂ,STATISTICI ALE POPULAȚIEI
STATUT SOCIAL,STATUS SOCIAL
STATUT SOCIO-ECONOMIC,STATUS SOCIO-ECONOMIC
STATUTUL PE PIAȚA FORȚEI DE MUNCĂ,ANGAJAT
STERILIZARE (SEX),LIGATURAREA TROMPELOR UTERINE
STERILIZARE (SEX),VASECTOMIE
STILURI DE VIAȚĂ,ALEGEREA STILULUI DE VIAȚĂ
STILURI DE VIAȚĂ,SCHIMBĂRIL ALE STILULUI DE VIAȚĂ
STILURI DE VIAȚĂ,STIL DE VIAȚĂ
STIMĂ DE SINE,RESPECT DE SINE
STOMATOLOGI,DENTIST
STRATIFICARE,DIFERENȚIERE SOCIALĂ
STRUCTURI ADMINISTRATIVE,POSTURI ADMINISTRATIVE
STRUCTURI DE SECURITATE PROPRIE A COMUNITĂȚILOR,STRUCTURI DE SECURITATE A CARTIERELOR
STRUCTURI DE SECURITATE PROPRIE A COMUNITĂȚILOR,SUPRAVEGHEREA CARTIERULUI
STUDII CULTURALE,EDUCAȚIE CULTURALĂ
STUDII CULTURALE,EDUCAȚIE ÎN GEOGRAFIE CULTURALĂ
SUBNUTRIȚIE,MALNUTRIȚIE
SUBVENȚII,SUBVENȚII GUVERNAMENTALE
SUBVENȚII AGRICOLE,MĂSURI DE SUSȚINERE A AGRICULTURII
SUBVENȚII AGRICOLE,SUBVENȚII PENTRU AGRICULTURĂ
SUFRAGIUL FEMEILOR,DREPTUL DE VOT AL FEMEILOR
SUPERSTIȚIE,MASCOTE NOROCOASE
SUPERSTIȚIE,PIATRĂ NOROCOASĂ
SUPERSTIȚIE,TALISMAN
SUPERSTIȚIE,TOTEM
SUPRAVEGHERE DIDACTICĂ,INSPECȚIE EDUCAȚIONALĂ
TAXĂ DE DRUM,ROVINIETĂ
TAXĂ PE CONSUM,IMPOZITUL PE CHELTUIELI
TAXE DE ÎNVĂȚĂMÂNT,TAXE ȘCOLARE
TAXE DE ÎNVĂȚĂMÂNT,TAXE UNIVERSITARE
TAXE VAMALE,TAXE DE IMPORT
TEHNOLOGIA INFORMAȚIEI ȘI A COMUNICAȚIILOR,IT
TEHNOLOGIA INFORMAȚIEI ȘI A COMUNICAȚIILOR,TEHNOLOGIA INFORMAȚIEI
TEHNOLOGIA INFORMAȚIEI ȘI A COMUNICAȚIILOR,TIC
TELEVIZIUNE,TRASMISIUNE TELEVIZATĂ
TESTE,TESTARE
TESTE AUDITIVE,AUDIOMETRIE
TESTE EDUCAȚIONALE,BACALAUREAT
TESTE EDUCAȚIONALE,LUCRĂRI DE CONTROL
TESTE EDUCAȚIONALE,TEST DE CAPACITATE
TESTE EDUCAȚIONALE,TEZE (LICEU)
TESTICULE NECOBORÂTE,CRIPTORHIDISM
ȘTIINȚE MEDICALE,MEDICINĂ
TIMP,DURATĂ (TIMP)
TINITUS,ACUFENĂ
TRANSFER INFORMAȚIONAL,FLUX INFORMAȚIONAL
TRANSMISIE PRIN FAX,FACSIMIL
TRANSPORT AERIAN,LINII AERIENE
TRANSPORT PENTRU STUDENȚI,AUTOBUZE PENTRU ȘCOALĂ
TRANSPORT PENTRU STUDENȚI,TRANSPORT EDUCAȚIONAL
TRANSPORT PUBLIC,TRANSPORTUL ÎN COMUN
TRANSPORT PUBLIC,TRANSPORTUL PASAGERILOR
TRANZACȚII BAZATE PE INFORMAȚII INTERNE,FOLOSIREA NELOIALĂ A INFORMAȚIILOR INTERNE
TRANZACȚII EXTERNE,PLĂȚI EXTERNE
TRANZACȚII EXTERNE,TRANSFERURI FINANCIARE EXTERNE
TRANZACȚII EXTERNE,TRANZACȚII FINANCIARE EXTERNE
TRATAMENT MEDICAL AUTOADMINISTRAT,AUTOMEDICAȚIE
TRATATE,TRATATUL CONSTITUȚIONAL AL UNIUNII EUROPENE
TRATATE,TRATATUL DE LA MAASTRICHT
TRECEREA DE LA ȘCOALĂ LA MUNCĂ,EXPERIENȚA TRECERII DE LA ȘCOALĂ LA MUNCĂ
TRIBUNALE ALE MUNCII,TRIBUNAL INTERN (ORGANIZAȚII)
TULBURĂRI CONGENITALE,DEFECT DIN NAȘTERE
TULBURĂRI CONGENITALE,DEFECTE CONGENITALE
TULBURĂRI CONGENITALE,MALFORMAȚII CONGENITALE
TULBURĂRI DE ANXIETATE,STĂRI DE ANXIETATE
TULBURĂRI DE LIMBAJ,TULBURĂRI LINGVISTICE
TULBURĂRI DE MEMORIE,PIERDEREA MEMORIEI
TULBURĂRI DE SOMN,INSOMNIE
TULBURĂRI DE VEDERE,DEFECTE DE VEDERE
TULBURĂRI DE VEDERE,TULBURĂRI VIZUALE
TULBURĂRI ENDOCRINE,BOLI ALE SISTEMULUI ENDOCRIN
TULBURĂRI ENDOCRINE,BOLI ENDOCRINE
TULBURĂRI GASTRICE,ULCER STOMACAL
TULBURĂRI GASTRO-INTESTINALE,BOLI GASTRO-INTESTINALE
TULBURĂRI MENTALE,BOLI MINTALE
TULBURĂRI MENTALE,TULBURĂRI MINTALE
TULBURĂRI MENTALE,TULBURĂRI PSIHIATRICE
TULBURĂRI NEVROTICE,NEVROZE
TULBURĂRI OBSESIV-COMPULSIVE,NEVROZĂ COMPULSIVĂ
TULBURĂRI OBSESIV-COMPULSIVE,NEVROZĂ OBSESIVĂ
TULBURĂRI OBSESIV-COMPULSIVE,NEVROZĂ OBSESIV-COMPULSIVĂ
TULBURĂRI PSIHOTICE,PSIHOZE
UTILIZARE MASS MEDIA,UTILIZAREA MASS MEDIA
UTILIZAREA CARDULUI DE CREDIT,CARD DE CREDIT
UTILIZAREA CARDULUI DE CREDIT,CARD DE FIDELITATE
UZINE,FABRICI
VAGABONZI,PERSOANE FĂRĂ ADĂPOST
VALORI MORALE,COD MORAL
VALORI MORALE,ORDINE MORALĂ
VALORI MORALE,STANDARD DE ETICĂ
VÂNZARE SI CUMPĂRARE ÎN RATE,LEASING
VARIOLĂ,VĂRSAT DE VÂNT
VÂRSTĂ,ANUL NAȘTERII
VÂRSTA LA IEȘIREA DIN SISTEMUL EDUCAȚIONAL,VÂRSTA DE ABANDON ȘCOLAR
VÂRSTNICI,BĂTRÂNI
VÂRSTNICI,PERSOANE DE VÂRSTA A TREIA
VÂRSTNICI,PERSOANE ÎN VÂRSTĂ
VEGETARIANISM,VEGETARIENI
VEHICULE ELECTRICE DE TRANSPORT,SCAUN PE ROTILE ELECTRIC
VEHICULE ELECTRICE DE TRANSPORT,SCUTER ELECTRIC
VENIT DIN EDUCAȚIE,FONDUL ȘCOLII
VENIT DIN EDUCAȚIE,VENITURI UNIVERSITARE
VENIT DIN EDUCAȚIE,VENITURILE ȘCOLII
VENIT MINIM GARANTAT,SALARII MINIME PE ECONOMIE
VENIT MINIM GARANTAT,VMG
VIAȚĂ COTIDIANĂ,COTIDIAN
VIAȚĂ COTIDIANĂ,VIAȚĂ DE ZI CU ZI
VIAȚĂ DE FAMILIE,DINAMICA FAMILIEI
VIAȚĂ DE FAMILIE,RELAȚII DE FAMILIE
VIAȚĂ DE FAMILIE,RELAȚII FAMILIALE
VINĂ,CULPĂ
VIOLENȚĂ DOMESTICĂ,VIOLENȚĂ FAMILIALĂ
VIOLENȚĂ DOMESTICĂ,VIOLENȚĂ MARITALĂ
VIVISECȚIE,DISECȚIE PE VIU
VIZIONARE,URMĂRIRE
VIZIONAREA TELEVIZIUNII,SPECTATORI TELEVIZUALI
VIZIONAREA TELEVIZIUNII,TELESPECTATORI
VIZITE EDUCAȚIONALE,ȘCOALA ALTFEL
VIZITE EDUCAȚIONALE,EXCURSII ȘCOLARE
VOTARE,VOTURI
VREMEA,STAREA ATMOSFEREI
VREMEA,STAREA VREMII
ZGOMOT DE TRAFIC,ZGOMOT RUTIER
ZONE ACVATICE DE RECREERE,PLAJĂ
ZONE PROTEJATE,ZONE DE CONSERVARE
ZONE URBANE,COMUNITĂȚI URBANE
